PLAYER_NAME,TEAM_ABBREVIATION,GP,MIN,PS,AVAIL,WPS,salary,effective_cost,cost_index,salary_imputed,two_way,ELIGIBLE,R_VALUE
Colby Jones,DET,1,6.816666666666666,82.1264202612616,0.05566403550305034,47.22670073161647,85300.0,85300.0,0.002,False,False,False,340.59164024218296
Neemias Queta,BOS,76,1926.2066666666667,87.39772723565984,0.9357074782476011,84.86916810992584,2456639.1,2456639.1,0.012479764434443815,True,False,True,322.466486252487
Norchad Omier,LAC,6,23.666666666666668,67.81618557355323,0.10371873387954443,40.4641160723574,167291.0,177865.01857473623,0.002,False,False,False,291.8209286385305
Alondes Williams,WAS,4,100.78333333333332,61.87396957385529,0.21403412358922128,39.99009664844723,136717.0,136717.0,0.002,False,False,False,288.40237407945375
Ajay Mitchell,OKC,57,1472.7983333333334,84.91037787673861,0.8182015570009555,77.96391935513539,3000000.0,3019185.360336379,0.015337508094257466,False,False,False,275.60453386052814
Moussa Diabaté,CHA,73,1898.9566666666667,71.96687575836317,0.9290651867399409,69.66964515658997,2291166.0,2291166.0,0.011639158539895784,True,False,True,271.25510484169916
Sandro Mamukelashvili,TOR,80,1750.6916666666666,74.49230389464587,0.8920588205908506,70.87394968196408,2461463.0,2509171.9702014155,0.012746632223521534,False,False,True,267.3037813079942
Jacob Toppin,ATL,5,16.866666666666667,62.30912740635145,0.08755950357709132,36.725110392303144,180160.0,180160.0,0.002,False,False,False,264.8557996391216
Julian Champagnie,SAS,82,2265.963333333333,74.24076814137882,1.0,74.24076814137882,3000000.0,3008920.356381686,0.015285361716194362,False,False,True,262.756114067499
Collin Gillespie,PHX,80,2281.8016666666667,67.90878456101855,1.0,67.90878456101855,2378870.0,2386687.901712068,0.012124411270627257,False,False,True,260.6463229151141
Jalen Duren,DET,70,1975.8533333333328,96.60009663174554,0.9476893750143827,94.3261514889306,6483144.0,6483144.0,0.032934471292335045,False,False,True,255.18858737053404
Kadary Richmond,WAS,3,66.8,55.94349789084474,0.17425164665975573,35.15563482228843,73153.0,73153.0,0.002,False,False,False,253.53698527287713
Riley Minix,CLE,9,58.083333333333336,55.863098344944284,0.16248543058229914,34.809326904427174,170508.0,223718.91871096194,0.002,False,False,False,251.03946628582125
Zyon Pullin,MIN,5,42.583333333333336,52.44032675612588,0.1391260601255588,32.12529693984376,85300.0,89109.83248009221,0.002,False,False,False,231.68265850685563
Jaime Jaquez Jr.,MIA,75,2121.21,70.55961322705778,0.9819299178843487,69.98585512478009,3861600.0,3861600.0,0.019616987428087516,False,False,True,226.98431065872228
Jordan Miller,LAC,60,1324.78,51.018473071570405,0.7759978912811086,45.87576257332802,1101910.0,1171558.7964546066,0.005951536715691775,False,False,False,225.87594433144622
Myron Gardner,MIA,45,410.505,53.32485071284091,0.4319643293353999,39.6941629108497,784302.0,784302.0,0.003984266230014475,False,False,False,224.9114683846656
Oso Ighodaro,PHX,82,1808.37,55.581993169173195,0.906634636243489,53.246748314424906,1955377.0,1961803.1372820027,0.009965990128559067,False,False,True,218.88591121909835
Tolu Smith,DET,15,137.44166666666666,44.901530247153836,0.24994696407135025,29.746192161279915,336782.0,336782.0,0.002,False,False,False,214.5249238718675
Trentyn Flowers,CHI,2,5.55,51.74062823823212,0.05022675853295007,29.62678934941684,250937.0,250937.0,0.002,False,False,False,213.6638093135357
Payton Pritchard,BOS,79,2555.523333333333,80.77651223329362,1.0,80.77651223329362,7232143.0,7232143.0,0.036739397739054054,False,False,True,210.32735564285116
Paul Reed,DET,65,900.6283333333333,85.64039500889878,0.6398253786397623,71.7599214284367,5335894.0,5335894.0,0.02710642363673286,False,False,True,207.8325435992049
Kel'el Ware,MIA,77,1703.8216666666667,71.07545026126945,0.880036586705004,67.23854613460017,4443360.0,4443360.0,0.022572337181082182,False,False,True,207.62201662350657
Jamal Shead,TOR,82,1852.2383333333328,52.60199436802966,0.9175655372514352,50.65069665267546,1955377.0,1993276.8274707089,0.010125876959082004,False,False,True,207.05745554655945
Grant Nelson,BKN,4,35.01,47.248203512998955,0.12614926223976247,28.668658639042967,73153.0,73153.0,0.002,False,False,False,206.75391924801653
Cam Spencer,MEM,72,1714.4516666666666,57.50594843151027,0.8827775552885405,54.47250389424354,2537989.0,2537989.0,0.01289302317837798,False,False,True,204.62563834983956
Bones Hyland,MIN,71,1176.9183333333333,61.298877606187496,0.7314115659380009,53.89000131048567,2380266.9,2486578.953304905,0.01263185934999206,True,False,True,203.89262703144828
Luka Garza,BOS,69,1117.9083333333333,61.46643604112444,0.7128394991266628,53.52360638891373,2461463.0,2461463.0,0.012504269920681215,False,False,True,203.22719601932565
Victor Wembanyama,SAS,64,1865.6483333333333,99.74914466689596,0.9208810833636283,96.19772474924368,13376695.0,13416469.962203039,0.06815587388073617,False,False,False,201.76485722962602
Stephon Castle,SAS,68,2037.743333333333,85.74098533963664,0.9624172534285582,84.29091356437426,9560520.0,9588947.748531412,0.04871200213163684,False,False,True,198.8451687835725
Ryan Rollins,MIL,74,2375.483333333333,62.064435626244794,1.0,62.064435626244794,4000000.0,4000000.0,0.020320061557994113,False,False,True,198.82726092489665
Amen Thompson,HOU,79,2953.15,85.46406871353317,1.0,85.46406871353317,9690212.0,10398683.162537303,0.052825470496208726,False,False,True,195.97255715129987
Chet Holmgren,OKC,69,1997.2683333333332,96.1772808085472,0.9528112312647465,94.13496145080016,13731368.0,13819181.747663809,0.07020165594840931,False,False,True,195.40526003193293
Donovan Clingan,POR,77,2093.6366666666668,75.29623031792386,0.9755270525736487,74.46700600923602,7178400.0,7228090.815431324,0.03671881257908409,False,False,True,193.9365872741312
Dyson Daniels,ATL,76,2519.54,75.20352048860404,1.0,75.20352048860404,7707709.0,7707709.0,0.039155280337776315,False,False,True,191.49984609011727
Jordan Goodwin,PHX,70,1571.7766666666666,55.50903430902873,0.8452478567816303,51.64347039674183,2673027.0,2681811.6172172935,0.013623644287199787,True,False,True,190.291610250639
Pelle Larsson,MIA,70,1849.1433333333332,51.34462457637605,0.9167986130932446,49.42224978764352,2380266.9,2380266.9,0.012091792483113954,True,False,True,189.8705670199809
Alex Antetokounmpo,MIL,6,20.63833333333333,82.0335622801912,0.09685587543386619,48.693903874428095,2291166.0,2291166.0,0.011639158539895784,True,True,False,189.5871576627406
Ryan Kalkbrenner,CHA,69,1479.131666666667,52.85386318165506,0.8199588866263819,48.57172241366013,2296274.0,2296274.0,0.011665107258505343,False,False,True,188.96410831182885
Cason Wallace,OKC,77,2046.07,68.13247586668467,0.9643815729169747,67.0404286360451,5820487.0,5857709.71347607,0.029757255491673452,False,False,True,187.9256895187531
Ausar Thompson,DET,73,1895.61,79.73865128141101,0.9282461468225489,77.16395131693456,8775162.0,8775162.0,0.044577958005342685,False,False,True,187.77132654522472
Jalen Williams,OKC,33,935.9633333333334,81.9326371170237,0.6522559917608107,69.11142448051734,6580997.0,6623083.266272544,0.033645364918594704,False,False,False,185.58073278205288
Javonte Green,DET,82,1445.9616666666666,60.96858363831949,0.8107128363547126,55.7753270175539,3627679.5,3627679.5,0.018428667688168327,True,False,True,184.89540683156267
Brandin Podziemski,GSW,82,2332.673333333333,61.79732432593049,1.0,61.79732432593049,3687960.0,4910172.952639687,0.024943754164509037,False,False,True,184.26375250762695
Mark Sears,MIL,7,26.081666666666667,42.52111304490624,0.10888206018579474,25.47001605007354,254154.0,254154.0,0.002,False,False,False,183.68580504464026
Rocco Zikarsky,MIN,5,36.48333333333333,64.10299371505495,0.12877629181387903,38.971372164437156,1272870.0,1329721.3654036925,0.006755004999995754,True,True,False,183.56234072275592
Tim Hardaway Jr.,DEN,80,2127.3,56.153026153616835,0.9833384694267511,55.73200824069931,3634153.0,3845027.441947048,0.019532798578135162,False,False,True,181.02727057305742
Ryan Nembhard,DAL,60,1170.88,35.68572338319746,0.7295328517744638,31.342406257079023,743320.0,743320.0,0.003776077039322046,False,False,False,180.9568031639189
Jamaree Bouyea,PHX,46,644.0583333333333,41.811326162623324,0.541067267425029,33.17646238684508,878375.0,881261.6854499563,0.004476822924261189,False,False,False,180.46686759295088
Kon Knueppel,CHA,81,2550.7466666666664,77.53226630287803,1.0,77.53226630287803,10015680.0,10015680.0,0.05087980853629262,False,False,True,180.13513970054552
Brandon Williams,DAL,66,1462.645,51.66732841185671,0.8153763771189575,47.37477420166499,2456639.1,2456639.1,0.012479764434443815,True,False,True,180.0038496197913
Toumani Camara,POR,82,2731.2366666666667,45.54970011005139,1.0,45.54970011005139,2221677.0,2237056.0457142284,0.011364279139399004,False,False,True,178.8350890951854
Jayson Kent,POR,5,22.466666666666665,76.70784553585877,0.10105504050823595,45.6775865417889,2291166.0,2307026.067261301,0.011719727925661675,True,True,False,177.41440929375383
Daniss Jenkins,DET,72,1455.3,61.298532157299036,0.8133265027035576,56.14926703767538,4169843.0,4169843.0,0.021182866611792712,False,False,True,177.2785991406942
Peyton Watson,DEN,54,1597.7583333333334,60.51133757456265,0.8522052498540407,56.48687146653902,4356476.0,4609263.773480012,0.02341513090353652,False,False,False,172.1989865909182
Quenton Jackson,IND,49,897.425,39.887856833517354,0.6386865072517616,33.40244744167543,1022998.0,1027557.7868321533,0.005220009370706387,False,False,False,172.1869432293534
Deni Avdija,POR,66,2199.385,83.96979402644979,0.9998602175031541,83.9645121480889,14375000.0,14474507.61615754,0.07353072144549395,False,False,True,171.48990325757072
Jaylon Tyson,CLE,66,1777.4833333333331,58.70548621587975,0.8988587039668524,56.033589183821185,3492480.0,4582388.211812116,0.02327860263666219,False,False,True,171.1671423350672
Keyonte George,UTA,54,1786.1083333333331,56.830544148789606,0.9010368606457919,54.29968607171214,4278754.0,4278754.0,0.021736136167878384,False,False,False,169.8988242658276
Brandon Miller,CHA,65,1968.3116666666667,79.28942373357033,0.9458790203890354,77.35837415520797,11968400.0,11968400.0,0.06079965618767419,False,False,True,168.86856630321
Micah Potter,IND,47,908.3166666666668,44.55444150079158,0.642550552191197,37.38775927044218,1527805.0,1534614.8521415468,0.007795867065832066,False,False,False,167.48802630182726
Mark Williams,PHX,60,1416.05,66.8847766613355,0.8022836723435738,60.93388107341572,6276531.0,6297158.147532545,0.03198966029957137,False,False,False,166.53761720299133
Jaxson Hayes,LAL,66,1206.5783333333334,58.31812758981221,0.7405705212670141,51.50987894122327,3449323.0,3950519.729082271,0.020068701020255493,False,False,True,165.73554585784873
GG Jackson,MEM,55,1177.765,47.72519137274346,0.7316746047750511,41.962544995968486,2221677.0,2221677.0,0.011286153350494921,False,False,False,165.14963354304317
Baylor Scheierman,BOS,77,1429.3033333333333,48.11346473705363,0.806029362575169,43.91379499636009,2619000.0,2619000.0,0.013304560305096646,False,False,True,163.15773276066386
Kyle Filipowski,UTA,77,1800.9433333333334,47.89539136416489,0.9047710241053292,45.84292828280714,3000000.0,3000000.0,0.015240046168495586,False,False,True,162.41795123695832
Jock Landale,ATL,68,1506.0766666666666,46.37663882918508,0.8273936808015293,42.77443341288895,2461463.0,2461463.0,0.012504269920681215,False,False,True,162.41297532629136
Jaylin Williams,OKC,65,1277.375,73.86251160944472,0.7619875327064085,65.95142222654526,8450704.0,8504747.267112028,0.04320424700072465,False,False,True,162.25451372050765
David Jones Garcia,SAS,11,67.975,66.24787941612756,0.17577749364673304,41.67653247030022,2291166.0,2297978.672416534,0.01167376702061539,True,False,False,162.09685782554226
Maxime Raynaud,SAC,74,1963.88,35.0501992259712,0.944813593928838,34.17976668865939,1272870.0,1308633.58471374,0.006647878749560425,False,False,True,161.89628690756538
Gui Santos,GSW,68,1395.3633333333332,49.98741337930416,0.7964019466362827,45.407610353782964,2221677.0,2957954.618515841,0.015026454983498722,False,False,True,161.67234431131374
Tristen Newton,HOU,1,12.0,73.22168529714254,0.07385489458759964,42.70542784554449,2380266.9,2554293.067620694,0.012975848092802531,True,True,False,160.06354811411757
Jordan Walsh,BOS,68,1211.97,45.63948130075347,0.7422233185136765,40.345323985244065,2221677.0,2221677.0,0.011286153350494921,False,False,True,158.78482756416588
Nae'Qwan Tomlin,CLE,64,1003.6383333333332,40.390735922126865,0.6754252308170331,34.49131971705234,1084904.0,1423473.0909118485,0.007231265208369228,False,False,False,158.6323237989003
Zach Edey,MEM,11,283.8516666666667,79.73587075115367,0.3591983920460737,56.7431773661281,6045000.0,6045000.0,0.030708693029518605,False,False,False,157.318233065426
Jay Huff,IND,82,1719.243333333333,43.05412968157233,0.8840103180530431,40.80690401785145,2349578.0,2360050.7231387715,0.01198909399354209,False,False,True,157.24081804762548
Jamal Cain,ORL,40,485.9683333333333,36.819710044595986,0.46999435844454235,28.038115724763575,813908.0,822514.3790077065,0.004178385703442975,False,False,False,156.24377211452864
Paolo Banchero,ORL,72,2501.685,78.30504024649409,1.0,78.30504024649409,15334769.0,15496921.029479533,0.07872459731959941,False,False,True,156.15573405478895
Austin Reaves,LAL,51,1761.65,82.67235087927251,0.8948463555270257,78.76036633282571,13937574.0,15962744.301575731,0.08109098671063465,False,False,False,155.44408420924432
Craig Porter Jr.,CLE,64,1147.6616666666666,51.21947142742142,0.7222633826654885,44.81798619626026,2456639.1,3223289.482693309,0.01637436017689076,True,False,False,154.84660776443317
Nickeil Alexander-Walker,ATL,78,2603.1766666666667,76.96337960079644,1.0,76.96337960079644,15161800.0,15161800.0,0.07702217733249879,False,False,True,154.6591001215503
Kevin Porter Jr.,MIL,38,1261.015,59.031256226577824,0.7570922244770688,52.578638215232836,5134000.0,5134000.0,0.026080799009685445,False,False,False,154.34902741500218
Dylan Harper,SAS,69,1557.9566666666667,77.05993919877166,0.8415236902263187,71.56446054074915,12370200.0,12406982.197504245,0.06302766050055583,False,False,True,154.26534055980176
Saddiq Bey,NOP,72,2245.575,56.48678302657807,1.0,56.48678302657807,6229755.0,6327757.180631616,0.03214510385861843,False,False,True,154.1216061098637
Karlo Matković,NOP,62,911.7566666666668,44.83101467153407,0.6437661442518149,37.64436832543925,1955377.0,1986137.633436934,0.010089609743521811,False,False,False,154.0816288675783
Tyler Kolek,NYK,62,727.1616666666666,51.35599963560226,0.5749156723407619,41.532215876236634,2191897.0,2643310.92472621,0.013428060176838733,False,False,False,153.81097706569372
Tre Jones,CHI,65,1752.3733333333332,63.51399851582528,0.8924871614389381,60.44114189486553,8000000.0,8000000.0,0.040640123115988226,False,False,True,151.91661725190085
Cedric Coward,MEM,62,1597.9466666666667,57.407324087595924,0.8522554745728501,53.590596053581926,5715120.0,5715120.0,0.029032897552830828,False,False,False,151.52483847285
Thomas Bryant,CLE,60,731.8166666666667,57.023180176445806,0.5767529275122403,46.16247784331557,2851228.8000000003,3741019.917737312,0.019004438754526065,True,False,False,151.38983690670727
Quinten Post,GSW,67,1159.1983333333333,46.276582004001376,0.7258845179044208,40.56827459040828,1955377.0,2603401.1371093323,0.013225317841553376,False,False,True,151.0432325508084
Reed Sheppard,HOU,82,2146.923333333333,68.29907783241006,0.9878634735752924,67.92606672910676,10603560.0,11378807.89759337,0.057804519233921714,False,False,True,150.92344695947625
Kobe Sanders,LAC,68,1351.4166666666667,30.728963505745444,0.783760360716401,27.738794512926873,829383.0,881806.0905880798,0.004479588510740979,False,False,True,150.85548882644272
Gary Payton II,GSW,73,1142.28,57.416013652104404,0.7205679578070217,50.19627037488005,3627679.5,4829915.118858519,0.02453604313377289,True,False,True,150.53820785211022
Josh Minott,BKN,49,833.7316666666667,47.18961156383488,0.6156045316548111,39.02684878668635,2378870.0,2378870.0,0.012084696209616363,False,False,False,149.96428922002468
Yanic Konan Niederhäuser,LAC,41,423.6783333333333,50.62391796273624,0.4388405867807359,37.84027831826309,2049320.7000000002,2178852.8036241727,0.011068605773862813,True,False,False,149.94385630596278
DaQuan Jeffries,SAC,3,59.903333333333336,33.18157085318896,0.16501147802134214,20.713766991553495,165197.0,169838.50848394234,0.002,False,False,False,149.38447458652524
Ron Harper Jr.,BOS,29,317.52666666666664,34.30160416246031,0.3799082823923467,24.73004087365128,657090.0,657090.0,0.003338027312285588,False,False,False,149.07686456962819
Hugo González,BOS,74,1083.93,47.106931963973345,0.70192268416504,40.78825343730478,2783880.0,2783880.0,0.014142153242517164,False,False,True,148.3411174957139
Dylan Cardwell,SAC,44,906.5383333333332,36.68742659188514,0.6419212403308359,30.77578189762106,1218461.0,1252695.8654567145,0.006363714274881287,False,False,False,148.01892173109974
Ayo Dosunmu,MIN,69,1881.0433333333333,59.73023356661823,0.9246727512853923,57.70554219477381,7518518.0,7854324.495645463,0.039900089311994215,False,False,True,145.97670217082606
Jalen Johnson,ATL,72,2531.5983333333334,92.22643039334545,1.0,92.22643039334545,30000000.0,30000000.0,0.15240046168495586,False,False,True,145.9543612332363
Javon Small,MEM,41,829.9083333333333,43.42434406059529,0.6141913876032947,35.88527539378037,2049320.7000000002,2049320.7000000002,0.010410580694017898,True,True,False,145.28036595394062
De'Anthony Melton,GSW,49,1125.256666666667,52.29789057347007,0.7151785113035088,45.5948872015002,3080921.0,4101957.440812703,0.02083800692639653,False,False,False,144.78492955496233
Shai Gilgeous-Alexander,OKC,68,2258.9466666666667,99.80563031424192,1.0,99.80563031424192,38333050.0,38578194.45901415,0.19597782155085872,False,False,True,144.64035982719352
Christian Braun,DEN,44,1399.138333333333,54.41903932249148,0.7974785073573892,49.45957804019593,4921797.0,5207387.946707983,0.026453610908365694,False,False,False,144.4732844818257
Miles McBride,NYK,41,1080.035,57.08417844450644,0.7006604027629934,49.39477870162365,4333333.0,5225768.573695115,0.02654698477632896,False,False,False,144.1061778984235
Kennedy Chandler,UTA,11,355.2266666666667,27.32047144093134,0.40182915109119033,19.966432123446484,235460.0,235460.0,0.002,False,False,False,143.99481143844216
A.J. Lawson,TOR,24,226.115,34.67242407450911,0.3205924912635127,24.07190670646635,660121.0,672915.7050669983,0.003418422137575604,False,False,False,143.9058255003047
Marvin Bagley III,DAL,60,1200.9033333333334,46.43986501687607,0.7388268751982101,40.981884919052185,3080921.0,3080921.0,0.015651126093829196,False,False,False,143.84933172936047
Tristan da Silva,ORL,77,1899.4566666666667,45.52642792176509,0.9291874912736363,44.075699663244514,3809520.0,3849802.4065587735,0.01955705547184704,False,False,True,143.10337527014772
Isaiah Joe,OKC,71,1507.445,71.99325094698182,0.8277694562662196,66.41350440688929,12362338.0,12441396.636376705,0.06320248637964888,False,False,True,143.0231423219192
Keshad Johnson,MIA,32,279.52166666666665,48.85482269936521,0.3564481772015436,34.706548109062865,1955377.0,1955377.0,0.009933345252271464,False,False,False,142.83507308761148
Matas Buzelis,CHI,77,2248.248333333333,49.44462346739458,1.0,49.44462346739458,5455560.0,5455560.0,0.02771432875833259,False,False,True,142.0952047898491
Caleb Houstan,ATL,18,75.46666666666667,44.761768672716826,0.18521077264303581,28.34963556232848,1117089.0,1117089.0,0.005674829311439521,False,False,False,141.92891248868733
Day'Ron Sharpe,BKN,62,1159.915,58.96399260626386,0.7261088698735824,51.69662104900096,6250000.0,6250000.0,0.0317500961843658,False,False,False,141.66359803971537
Precious Achiuwa,SAC,73,1745.185,39.51392059777026,0.8906547642554375,37.569624064440454,2453285.0,2522214.478991922,0.012812888368894977,False,False,True,141.43837575780938
Derik Queen,NOP,81,2023.38,49.324430994413696,0.9590193855278327,48.414825523625204,5157960.0,5239101.445788903,0.026614715971751617,False,False,True,141.1213116657445
JD Davison,HOU,28,218.41666666666663,34.01372582306149,0.3150877703597888,23.530338266731746,625726.0,671474.1040301096,0.0034110987821226926,False,False,False,140.7738676471628
Keldon Johnson,SAS,82,1911.4666666666667,76.7294059088321,0.9321204240056565,74.38564411610687,18000000.0,18053522.138290115,0.09171217029716616,False,False,True,140.61982853447228
Donte DiVincenzo,MIN,82,2494.036666666667,65.3831818938593,1.0,65.3831818938593,11990000.0,12525520.415431485,0.06362983647186994,False,False,True,140.47260788115653
Leonard Miller,CHI,46,718.6616666666666,44.10494455243626,0.5715456184237562,35.60131401823539,2221677.0,2221677.0,0.011286153350494921,False,False,False,140.11409375497252
Robert Williams III,POR,59,1008.2133333333334,78.04144648004612,0.6769629146997551,66.696819848458,13285713.0,13377680.278579703,0.06795882169097585,False,False,False,140.03157021421538
Onyeka Okongwu,ATL,74,2296.968333333333,68.50663023671984,1.0,68.50663023671984,15000000.0,15000000.0,0.07620023084247793,False,False,True,138.18305213413151
Cooper Flagg,DAL,70,2343.858333333333,66.28275777398798,1.0,66.28275777398798,13825920.0,13825920.0,0.07023588637397549,False,False,True,137.56620974328737
Derrick White,BOS,77,2624.9566666666665,84.75435719552893,1.0,84.75435719552893,28100000.0,28100000.0,0.14274843244490865,False,False,True,137.23628036761744
Clint Capela,HOU,75,925.6616666666666,62.11275459497519,0.6486565370288833,52.292444962642016,6700000.0,7189850.664670694,0.03652455202472334,False,False,True,136.43981112228138
Mouhamed Gueye,ATL,77,1178.8366666666666,39.39864841291453,0.7320074101297394,34.647302791410375,2221677.0,2221677.0,0.011286153350494921,False,False,True,136.35944530547457
Dru Smith,MIA,70,1141.3083333333334,43.25027896446411,0.7202614213960894,37.805831761680295,2851228.8000000003,2851228.8000000003,0.014484286182981422,True,False,True,136.3489158922431
Malachi Smith,BKN,15,358.82,25.8281960343284,0.4038564101261734,18.89940495758714,212144.0,212144.0,0.002,False,False,False,136.2995770271231
Blake Hinson,UTA,14,285.43333333333334,50.228624776926424,0.3601977571313073,35.76725072210704,2456639.1,2456639.1,0.012479764434443815,True,True,False,135.90023232383567
Tari Eason,HOU,60,1549.105,52.525954469493776,0.8391296898356275,48.723514505259544,5675766.0,6090732.828002287,0.03094101649957551,False,False,False,134.72816070065673
Jabari Smith Jr.,HOU,77,2705.365,63.42750212081988,1.0,63.42750212081988,12350392.0,13253354.34778263,0.06732724404921299,False,False,True,133.60345561815373
Branden Carlson,OKC,42,488.2033333333333,47.606723477439154,0.47107388598881816,36.2755258150621,2673027.0,2690121.328727957,0.01366585774955625,True,True,False,133.52041656012113
Ty Jerome,MEM,15,338.68833333333333,75.20464669689068,0.39236366093745534,54.64096240716484,8781000.0,8781000.0,0.044607615135186574,False,False,False,132.93277295425082
VJ Edgecombe,PHI,75,2623.305,60.03469509058059,1.0,60.03469509058059,11108880.0,11510819.850634564,0.05847514198696874,False,False,True,132.85234827489563
Pat Spencer,GSW,66,1228.9266666666667,33.829249493343724,0.747397504881459,29.983840719840906,1211689.0,1613250.294149348,0.008195336321391716,False,False,True,131.99143930805377
Ryan Dunn,PHX,70,1355.245,39.55877477635792,0.784869705457826,35.72914388514349,2657760.0,2666494.443855387,0.013545832810797687,False,False,True,131.91600396472273
Goga Bitadze,ORL,64,972.0066666666668,62.92893448777945,0.6646963307565434,53.43379830187936,8333333.0,8421450.848940454,0.04278109991452295,False,False,False,131.91213256616774
Cade Cunningham,DET,64,2171.6716666666666,96.57682127858814,0.993540882323664,96.29611080453795,46394100.0,46394100.0,0.23568274198193367,False,False,False,130.82805935722328
Walker Kessler,UTA,5,153.98,65.23972954632065,0.26455795034530544,43.648711358911854,4878938.0,4878938.0,0.02478508012440917,False,False,False,130.44026963412
Julius Randle,MIN,79,2610.2966666666666,84.48402793247412,1.0,84.48402793247412,30864198.0,32242714.107999966,0.16379348386784115,False,False,True,130.37000139641296
Landry Shamet,NYK,51,1171.055,44.8807443701871,0.7295873678132916,39.41940027134861,3029430.6,3653331.794641754,0.018558981739724388,True,False,False,130.35357245632477
Tyrese Maxey,PHI,70,2661.1183333333333,90.52737079140634,1.0,90.52737079140634,37958760.0,39332178.2316015,0.19980807071903461,False,False,True,130.3083434474781
Anthony Black,ORL,64,1910.05,53.58778225739535,0.9317749435644561,51.94256899645045,7970028.0,8054304.210173672,0.04091598933938504,False,False,False,130.2470007169797
Collin Murray-Boyles,TOR,57,1245.6,54.02565473975677,0.7524505420170937,48.00734504315748,6332520.0,6455259.203465528,0.03279281609680689,False,False,False,130.07445499604668
Mohamed Diawara,NYK,69,634.1516666666666,36.58630785261862,0.5368898933447691,28.96173783333232,1272870.0,1535013.359093174,0.007797891487279155,True,False,True,129.72971923063403
Jonas Valančiūnas,DEN,65,871.065,69.18013013321661,0.6292365504034524,57.637871471938354,10395000.0,10998177.63837669,0.05587091165939217,False,False,True,129.59844624347093
Jalen Smith,CHI,53,1095.388333333333,61.686544268899446,0.7056229785648904,53.51494874487281,9000000.0,9000000.0,0.04572013850548676,False,False,False,129.07565915880625
LaMelo Ball,CHA,72,2017.4466666666667,90.18617832420492,0.9576122451813219,88.46592299752692,37958760.0,37958760.0,0.19283108496628115,False,False,True,128.9350292672492
Bam Adebayo,MIA,73,2364.685,87.70923224592502,1.0,87.70923224592502,37096620.0,37096620.0,0.18845140049837888,False,False,True,128.8642368209137
David Roddy,DEN,5,73.01666666666667,54.02465332547348,0.18217956509826766,34.142543860349164,2380266.9,2518383.664545282,0.01279342777255173,True,True,False,128.6048446930557
Jarrett Allen,CLE,56,1519.12,83.8964486311329,0.8309687665063537,77.51494454209737,20000000.0,26241457.141126744,0.1333070061197899,False,False,False,128.55642161393163
Mitchell Robinson,NYK,60,1174.5016666666668,73.5438347859826,0.7306602452161975,64.63010949377993,12954546.0,15622491.826335007,0.0793624989000968,False,False,False,128.52168198643008
Wendell Carter Jr.,ORL,78,2288.3516666666665,57.053106505483086,1.0,57.053106505483086,10850000.0,10964729.44390965,0.055700994316748666,False,False,True,128.42043614959726
Marcus Sasser,DET,38,456.5033333333333,47.26143392451738,0.45552334204902734,35.681697507581006,2886431.0,2886431.0,0.014663113900725626,False,False,False,128.13660413015896
Alperen Sengun,HOU,72,2397.695,86.26473404868925,1.0,86.26473404868925,33944954.0,36426738.81777853,0.18504839378355833,False,False,True,127.5528896107148
Luka Dončić,LAL,64,2288.6016666666665,98.08183485538775,1.0,98.08183485538775,45999660.0,52683545.252525374,0.267633220656171,False,False,False,127.45487473773893
Coby White,CHA,50,1249.7883333333334,67.26194218879553,0.7537145388412022,59.80740488611377,12888889.0,12888889.0,0.0654757544735383,False,False,False,127.21363288420304
De'Aaron Fox,SAS,72,2231.065,86.64709178026841,1.0,86.64709178026841,37096620.0,37206925.023651995,0.18901175171607001,False,False,True,127.171497117416
Scottie Barnes,TOR,80,2680.776666666666,88.25397438364695,1.0,88.25397438364695,38661700.0,39411055.11654495,0.20020876650842304,False,False,True,126.94689024814187
Sam Hauser,BOS,78,1934.15,56.25992534048236,0.9376348387880492,54.681028649348185,10044644.0,10044644.0,0.05102694610203406,False,False,True,126.9152178821054
Dominick Barlow,PHI,71,1688.5183333333334,41.54760994520708,0.8760755294683977,39.23066544126608,3765668.0,3901916.8417787715,0.019821797604779652,False,False,True,126.77466966326463
Jalen Brunson,NYK,74,2589.806666666667,89.8481663225293,1.0,89.8481663225293,34944001.0,42140602.225808784,0.21407490782984456,False,False,True,126.24613060177514
Duncan Robinson,DET,77,2113.1583333333333,65.51348499634227,0.9800645464210584,64.92576652881961,16834692.0,16834692.0,0.08552049443746776,False,False,True,125.77646671997756
Moussa Cisse,DAL,38,529.58,40.18625602118546,0.49063039226915184,30.974910161628255,2049320.7000000002,2049320.7000000002,0.010410580694017898,True,True,False,125.40091261085136
Luke Kornet,SAS,68,1430.08,61.121353657342816,0.8062483262843797,55.79228960044928,11000000.0,11032707.973399514,0.05604632629271265,False,False,True,125.31110434531426
Nikola Jokić,DEN,65,2264.855,99.7288434591472,1.0,99.7288434591472,55224526.0,58428970.3649016,0.2968200686462536,False,False,True,124.98417189164022
Justin Champagnie,WAS,69,1377.4533333333334,35.674485043223,0.7912743844679616,32.323704560977156,2349578.0,2349578.0,0.011935892398827173,False,False,True,124.74662113812136
Kawhi Leonard,LAC,65,2084.728333333333,97.42940022709769,0.9734494274890646,96.26533736715577,50000000.0,53160366.838244796,0.2700554816496708,False,False,True,124.70051986768114
Garrison Mathews,IND,15,196.1,26.73223964235697,0.2985571363011838,18.29422721483892,462553.0,464614.727470213,0.002360249965736347,False,False,False,124.5046708727059
Joan Beringer,MIN,40,314.13166666666666,55.67544067450757,0.37787183172621003,40.08867370840722,4201080.0,4388716.706160208,0.02229474840744315,False,False,False,124.32476947618542
Lawson Lovering,MEM,2,49.265,27.903110578620105,0.1496435157906343,17.225694624056857,73153.0,73153.0,0.002,False,False,False,124.22903771448077
Jabari Walker,PHI,64,761.6683333333333,30.731998595194586,0.5883985713679791,25.039798058269877,1117089.0,1157507.3487269208,0.005880155144990397,False,False,False,123.8088310451612
Jamal Murray,DEN,75,2651.891666666667,92.80925099134274,1.0,92.80925099134274,46394100.0,49086152.301357575,0.24935840910216509,False,False,True,123.62597709349525
Oscar Tshiebwe,UTA,27,448.42,43.144342563613975,0.4514723388284965,32.494703169973384,2456639.1,2456639.1,0.012479764434443815,True,True,False,123.4659533774005
Olivier-Maxence Prosper,MEM,53,983.5916666666668,35.279614319085354,0.6686457367037655,30.01909154365124,1964553.0,1964553.0,0.009979959473485503,False,False,False,123.34153496850665
Isaiah Hartenstein,OKC,47,1137.425,87.65607410964282,0.7190350225380984,76.57334501066626,28500000.0,28682260.9231956,0.1457063268954459,False,False,False,123.10255062161526
T.J. McConnell,IND,56,962.505,62.76828370955294,0.6614395457842484,53.20539732018071,10200000.0,10245464.239116756,0.05204711600726995,False,False,False,122.63762521385259
Charles Bassey,GSW,13,152.70333333333335,52.66655278490606,0.26345892670510535,35.210567093184444,2380266.9,3169102.2007948877,0.016099087950931686,True,False,False,122.37690068591733
Quentin Grimes,PHI,75,2205.721666666667,50.76022054117873,1.0,50.76022054117873,8741209.0,9057482.129228644,0.046012148606589406,False,False,True,122.1588670801932
Jared McCain,OKC,67,1159.6666666666667,44.413275405246374,0.726031137156811,38.93774085418385,4221360.0,4248356.1042365255,0.021581714389591562,False,False,True,122.13708396088782
Tyrese Proctor,CLE,50,545.0866666666667,36.22523847462928,0.49776165648497545,28.038071780408732,1272870.0,1670098.1775612999,0.00848412444398485,False,False,False,121.93898018821493
Vince Williams Jr.,UTA,40,819.395,38.001552238680986,0.6102886798288764,31.33721644751126,2301587.0,2301587.0,0.01169209738026975,False,False,False,121.81617112205936
Josh Hart,NYK,66,1993.575,72.18189891871847,0.9519298579966144,70.62049155972491,19472240.0,23482483.310525402,0.11929137660111139,False,False,True,121.76555270888018
Adem Bona,PHI,71,1234.1616666666666,34.18906176224162,0.7489877006717638,30.327218010074716,2049320.7000000002,2123468.918007605,0.010787254782600422,True,False,True,121.26085367734254
Jose Alvarado,NYK,69,1370.236666666667,46.49634946649865,0.7891988649794478,42.08568200766608,4500000.0,5426760.0901264725,0.027568024772958902,False,False,True,121.17116058761863
Naz Reid,MIN,77,2007.35,70.54616668850771,0.9552129700657431,69.12436771285634,21551724.0,22514308.502897806,0.11437303367863842,False,False,True,120.95526391719851
Rasheer Fleming,PHX,55,673.4016666666666,31.587756439631754,0.553255516616569,25.237511270292533,1272870.0,1277053.151055854,0.006487449660571327,False,False,False,120.56673533709682
Russell Westbrook,SAC,64,1852.57,38.149355882381556,0.9176476844232064,36.735596374776776,3634153.0,3736261.101124382,0.018980263892896577,False,False,False,120.52806499851695
Davion Mitchell,MIA,70,2000.255,55.77410236350495,0.9535233705483145,54.60761583365791,11600000.0,11600000.0,0.058928178518182925,False,False,True,120.5166456738027
Naji Marshall,DAL,74,2183.74,49.99607315347977,0.9962976919119559,49.91277776377681,9000000.0,9000000.0,0.04572013850548676,False,False,True,120.38738411243918
Jaylen Brown,BOS,71,2442.838333333333,92.72962692445938,1.0,92.72962692445938,53142264.0,53142264.0,0.26996351895279364,False,False,True,120.13473927212571
E.J. Liddell,BKN,26,349.19,28.009064928565518,0.3984002099305763,20.42645351708588,706898.0,706898.0,0.0035910527188057306,False,False,False,120.02514038629
Shaedon Sharpe,POR,50,1471.3016666666667,53.025211146593996,0.8177857206190904,48.67733335945026,8399983.0,8458129.94150218,0.042967430269209364,False,False,False,119.98718685345048
Sion James,CHA,82,1843.28,31.952285523160782,0.9153439492641798,30.73505608619243,2296274.0,2296274.0,0.011665107258505343,False,False,True,119.57209212757975
Brice Sensabaugh,UTA,75,1761.8666666666666,33.976950184031594,0.894901382750348,32.37003146681568,2693460.0,2693460.0,0.013682818250998706,False,False,True,119.09363525855926
Spencer Jones,DEN,64,1416.79,25.75394996944492,0.8024932738319085,23.464989714482073,1016457.0,1075437.6765532906,0.005463239947337256,False,False,False,119.0473267656889
Yves Missi,NOP,66,1297.0366666666666,39.0959783280987,0.7678294870686597,35.011358324204444,3353040.0,3405787.6974206907,0.017301453916261866,False,False,True,118.65524106763284
Anthony Edwards,MIN,61,2136.593333333333,88.56692308973315,0.9854840373536182,87.98838772345917,45550512.0,47584976.47951266,0.2417324128248498,False,False,False,118.48545081367583
Andre Drummond,PHI,63,1230.7483333333332,45.64889887006834,0.7479512421315045,40.471312153848956,5000000.0,5180909.259364834,0.02631909876916878,False,False,False,118.42933924580139
Miles Bridges,CHA,77,2387.2316666666666,69.80238545518539,1.0,69.80238545518539,25000000.0,25000000.0,0.1270003847374632,False,False,True,117.74578722816742
Jamison Battle,TOR,61,516.7783333333333,37.44660431429864,0.4846640510954391,28.76269269889542,1955377.0,1993276.8274707089,0.010125876959082004,False,False,False,117.58041564046896
Kris Dunn,LAC,82,2230.0,41.66400469494217,1.0,41.66400469494217,5426400.0,5769388.292221031,0.02930858131247547,False,False,True,117.41395263710017
Cameron Payne,PHI,22,374.3366666666666,32.37050491495682,0.4124960973185447,23.81249582876896,1127841.0,1168648.3759982588,0.005936751734983617,False,False,False,117.34637605054884
Emanuel Miller,SAS,5,33.05,31.80795321726248,0.1225672357227953,19.248750074422297,636434.0,638326.4060311406,0.0032427079661614803,False,False,False,117.21728717565207
Donovan Mitchell,CLE,70,2342.063333333333,94.88134495077982,1.0,94.88134495077982,46394100.0,60872439.33755741,0.30923292863110724,False,False,True,117.21621709511535
Bruce Brown,DEN,82,1997.7883333333332,34.75053269026841,0.9529352580635297,34.01454650631835,3080921.0,3259693.7419725973,0.01655929437427284,False,False,True,117.05956924895128
Sam Merrill,CLE,52,1377.0733333333333,57.53885160169487,0.7911652319474258,52.13160087398173,8482144.0,11129190.912043268,0.05653646110584696,False,False,False,116.73280469903251
Ronald Holland II,DET,78,1550.4483333333333,51.309075524181125,0.8394934439435738,47.60312617110971,8657280.0,8657280.0,0.043979115631197815,False,False,True,116.38742990647653
Alex Caruso,OKC,56,1020.3466666666668,71.58964022262452,0.6810241841476259,61.313726469159214,18102100.0,18217865.103781722,0.09254703509101936,False,False,False,115.54142232733105
Mikal Bridges,NYK,82,2691.935,72.9732401389952,1.0,72.9732401389952,24900000.0,30028072.498699814,0.15254307041037257,False,False,True,115.44712887762613
Norman Powell,MIA,58,1716.9366666666667,67.22626213221201,0.8834170915121337,63.69941720744857,20482758.0,20482758.0,0.1040527258593741,False,False,False,115.213567156813
Tobias Harris,DET,63,1745.45,73.07529473119878,0.8907223830332117,69.48182240088178,26634146.0,26634146.0,0.13530187156615067,False,False,False,114.63619042984067
Kevin Durant,HOU,78,2839.8233333333333,91.42715097901267,1.0,91.42715097901267,54708608.0,58708465.90925499,0.29823991031286506,False,False,True,114.3889428698703
Mouhamadou Gueye,CHI,2,45.44166666666667,25.74255207796272,0.1437195290498234,15.823272000412906,47092.0,47092.0,0.002,False,False,False,114.11498328552362
Devin Vassell,SAS,67,2044.2316666666663,70.84456595995717,0.9639482414119609,69.69523392478891,27500000.0,27581769.93349879,0.14011581573178164,False,False,True,113.58983013680277
Simone Fontecchio,MIA,70,1172.47,51.86665453322246,0.73002801938755,45.56550997978836,8307692.0,8307692.0,0.042203203211213805,False,False,True,113.02440148770512
Nikola Vučević,BOS,64,1818.118333333333,66.05830565898543,0.9090750377402429,63.3554486319414,21481481.0,21481481.0,0.10912625406922023,False,False,False,112.6978445285016
James Harden,CLE,70,2438.495,85.96393714714978,1.0,85.96393714714978,39182693.0,51410547.95167134,0.26116637477704246,False,False,True,112.66840145072224
Immanuel Quickley,TOR,70,2231.3083333333334,73.63342653426764,1.0,73.63342653426764,32500000.0,33129926.808384284,0.16830053803955203,False,False,True,112.55167437529393
Julian Strawther,DEN,57,860.6733333333333,37.31476097300794,0.625471943027944,31.02581975738913,2674148.0,2829317.4348542327,0.014372976110836003,False,False,False,112.19895052680282
RJ Barrett,TOR,57,1725.76,73.11434783398272,0.8856841218156525,69.35318893774982,27705357.0,28242352.295697145,0.1434715842977806,False,False,False,112.09990592572898
Jaylen Wells,MEM,69,1820.6416666666669,28.365812722761646,0.9097056633545787,27.21324021331714,1955377.0,1955377.0,0.009933345252271464,False,False,True,111.99630521033792
Johnny Juzang,MIN,21,87.69833333333334,29.12845365708271,0.19965690268026995,18.637713088063002,636435.0,664860.6827018462,0.003377502499997877,False,False,False,111.88993201979308
Rudy Gobert,MIN,76,2380.0466666666666,75.56945158909593,1.0,75.56945158909593,35000000.0,36563237.242710754,0.18574180788285638,False,False,True,111.59243712086345
Karl-Anthony Towns,NYK,75,2321.7816666666668,91.95455113353628,1.0,91.95455113353628,53142264.0,64086737.19425885,0.32556161120958266,False,False,True,111.5728401444993
Ja'Kobe Walter,TOR,72,1473.575,36.904094708587365,0.8184172641029869,33.888578791242864,3638160.0,3708676.1389905037,0.01884013186073774,False,False,True,111.47586563548897
Aaron Gordon,DEN,36,1004.9583333333334,76.35895122732644,0.6758692495033655,65.22132335152429,22841455.0,24166847.485232078,0.12276795714064276,False,False,False,111.33115690046999
Kasparas Jakučionis,MIA,53,944.6283333333332,39.744595465340424,0.6552682772357556,33.579045175939775,3658800.0,3658800.0,0.018586760307097216,False,False,False,110.98235194684652
Devin Booker,PHX,64,2146.43,85.97510978943556,0.9877499683624393,85.50117077270205,53142264.0,53316910.36432792,0.27085072517129943,False,False,False,110.64287100346293
Trey Murphy III,NOP,66,2340.6383333333333,65.77567906109927,1.0,65.77567906109927,25000000.0,25393282.643665828,0.12899826661970829,False,False,True,110.34886234647568
Vít Krejčí,POR,65,1392.1,31.273999741294663,0.7954701297174692,28.395589541658357,2349578.0,2365842.4108352135,0.012018515856171185,False,False,True,109.32260490816685
Desmond Bane,ORL,82,2756.045,74.34790844435682,1.0,74.34790844435682,36725670.0,37114012.46048934,0.18853975446532598,False,False,True,109.21558171317636
Josh Giddey,CHI,54,1731.3566666666666,68.14080531361415,0.8871191030692006,64.67949746398966,25000000.0,25000000.0,0.1270003847374632,False,False,False,109.10427053111509
Mo Bamba,UTA,4,43.8,27.592048154697746,0.14109957799047773,16.92757834281812,548899.0,548899.0,0.0027884153672803526,False,False,False,108.67423573643997
Aaron Holiday,HOU,57,780.7316666666667,38.584537612390065,0.5957164009014947,31.56494453142015,3080921.0,3306173.417857895,0.016795411843069055,False,False,False,108.0924040913563
Cormac Ryan,MIL,11,270.67833333333334,41.165429042055315,0.35076431697167554,29.138699593482553,2673027.0,2673027.0,0.013579018296545082,True,True,False,107.49124949501359
Giannis Antetokounmpo,MIL,36,1039.23,96.81442444952981,0.6872970774907112,83.19105538963959,54126450.0,54126450.0,0.27496319897892263,False,False,False,107.08716212187372
Isaiah Collier,UTA,59,1516.92,31.279916263479834,0.8303668411666563,28.89216631176238,2638200.0,2638200.0,0.013402096600575017,False,False,False,107.07214956113982
Aaron Wiggins,OKC,65,1413.98,50.47420443373094,0.8016970636207805,45.9700721059547,9887850.0,9951083.988400688,0.05055165980326789,False,False,True,107.0470402359885
Josh Okogie,HOU,78,1353.8116666666667,34.442704655283194,0.7844545489663116,31.101918915898782,3080921.0,3306173.417857895,0.016795411843069055,False,False,True,106.50679851908089
Lachlan Olbrich,CHI,37,344.2216666666667,30.536818459551423,0.39555580382468664,22.23080725016066,1272870.0,1272870.0,0.006466199188830991,True,True,False,106.3248874001966
Brandon Ingram,TOR,77,2603.863333333333,73.50900315074185,1.0,73.50900315074185,38095238.0,38833613.74424553,0.19727535545060884,False,False,True,106.28498537158568
CJ McCollum,ATL,76,2263.3716666666664,67.55830547795678,1.0,67.55830547795678,30666666.0,30666666.0,0.15578713522461127,False,False,True,106.09613589668504
Ariel Hukporti,NYK,54,497.9616666666666,36.02338247827503,0.4757585649478232,27.525155101645076,1955377.0,2358080.4143891623,0.011979084794772011,False,False,False,106.09340230662494
LeBron James,LAL,60,1989.055,86.51112094037197,0.9508500981179469,84.59771504270539,52627153.0,60274032.38604538,0.30619301210824323,False,False,False,104.87383817365648
Jrue Holiday,POR,53,1560.4016666666666,73.4453942737309,0.8421837595492357,68.22950007251396,32400000.0,32624281.513982903,0.1657318521623655,False,False,False,104.85447512613283
Vladislav Goldin,MIA,9,23.961666666666662,45.57107733016354,0.10436314802968845,27.204266021766056,2380266.9,2380266.9,0.012091792483113954,True,True,False,104.51344155940346
Jeremiah Fears,NOP,82,2111.903333333333,41.27253552629965,0.9797734741286174,40.89687552287953,7520040.0,7638340.048466911,0.03880288499643484,False,False,True,104.47072285053433
Tristan Enaruna,CLE,9,85.13333333333334,46.71898746293531,0.19671545363028728,29.831099169977985,2380266.9,3123083.5920396307,0.015865312710251666,True,True,False,104.21233068351081
Evan Mobley,CLE,65,2074.2883333333334,85.45628226301302,0.9710089254653292,84.34142101116873,46394100.0,60872439.33755741,0.30923292863110724,False,False,True,104.19521688361593
Bryce McGowens,NOP,42,879.9333333333333,24.792960311733292,0.6324315749309936,20.692061093171308,1106635.0,1124043.8135349252,0.005710159871228034,False,False,False,103.36743369066335
Jaden McDaniels,MIN,73,2316.4133333333334,61.600057231666824,1.0,61.600057231666824,24393104.0,25482595.67537476,0.12945197819527243,False,False,True,103.21669515875126
Olivier Sarr,CLE,4,39.35,50.35175867056489,0.1337399104095843,30.723785130915555,2673027.0,3507206.1728787296,0.017816661332368183,True,True,False,103.0605323263592
Zion Williamson,NOP,62,1841.0633333333333,74.8469629413946,0.9147934027401868,71.97710817903419,39446090.0,40066628.502299204,0.20353908939700033,False,False,False,102.9377166005007
Enrique Freeman,MIN,4,37.208333333333336,44.704623342918545,0.13004952436621514,27.20375958982801,2380266.9,2486578.953304905,0.01263185934999206,True,True,False,102.92532701836744
Chris Youngblood,POR,34,185.09166666666667,24.745768845670607,0.29005615966149684,16.840121070779684,636435.0,640840.5742392503,0.0032554799793504657,False,False,False,102.40869342243342
OG Anunoby,NYK,67,2223.8716666666664,75.77969334617922,1.0,75.77969334617922,39568966.0,47718063.44363807,0.24240849665074854,False,False,True,101.94548021927264
Bennedict Mathurin,LAC,54,1620.015,46.4181990094018,0.8581203030726254,43.45458900608599,9187573.0,9768295.020663066,0.04962308903413022,False,False,False,101.8481615735422
Kenrich Williams,OKC,56,855.1633333333333,46.911453939875194,0.6234666038053731,38.962775857291135,7163000.0,7208808.245363161,0.03662085682638874,False,False,False,101.56680487421242
Jaylen Clark,MIN,68,887.7033333333334,30.989115736734245,0.6352176911512424,25.90218920230197,2191897.0,2289795.714931028,0.011632197470657408,False,False,True,100.86993222045564
Al Horford,GSW,45,969.185,46.35015680448826,0.6637308463252528,39.336399203886565,5685000.0,7569044.467878345,0.03845086238062069,False,False,False,100.80552805083829
Grayson Allen,PHX,51,1467.2783333333334,56.72131003239384,0.8166668212739495,52.04180590100878,16875000.0,16930457.881847743,0.0860069865910432,False,False,False,100.61724653273424
Joel Embiid,PHI,38,1200.638333333333,89.82379199868362,0.7387453532643686,79.2636946275017,55224526.0,57222651.61948681,0.29069195085490585,False,False,False,100.06440914287364
Trayce Jackson-Davis,TOR,53,496.0366666666667,33.50133128014806,0.4748380904278975,25.584200881417484,2221677.0,2264738.350826793,0.011504905675387625,False,False,False,100.0160411867666
Killian Hayes,SAC,23,405.5266666666666,23.556698568752903,0.4293370506144362,17.507377781388854,751318.0,772427.6380148465,0.003923944288389419,False,False,False,99.72980907707736
Jalen Suggs,ORL,57,1573.57,71.31209108389899,0.8457299160542276,66.36149605886125,35000000.0,35370094.98035371,0.1796806268282215,False,False,False,99.13970109492877
Jake LaRavia,LAL,82,2061.47,37.825440087827374,0.9680040383086314,37.2808224884232,6000000.0,6871817.5637635635,0.034908938977745184,False,False,True,98.82447909439881
Isaiah Jackson,LAC,55,908.3116666666666,46.83860261641213,0.642548783668555,39.30447065198636,7600000.0,8080375.75941321,0.04104843321074996,False,False,False,98.44530814209895
Jalen Pickett,DEN,50,806.48,30.836186331261654,0.6054600054353865,25.361437376873432,2221677.0,2350591.4671568843,0.011941040827580896,False,False,False,97.86242552162548
Brook Lopez,LAC,75,1635.2733333333333,43.73727754744291,0.8621519939117815,41.024184121704,8750000.0,9303064.19669284,0.047259709288692386,False,False,True,97.80813153231291
Gradey Dick,TOR,76,1066.6883333333333,38.40420013972176,0.6963176956916529,33.155995942624415,4990379.0,5087104.33895686,0.025842568329885587,False,False,True,97.64532787106366
Will Richard,GSW,69,1376.805,24.86992605751573,0.7910881458759539,22.531895993444138,1272870.0,1694707.0592486032,0.008609137941674698,False,False,True,97.4919440239717
Pete Nance,MIL,47,737.0983333333334,23.859392128593992,0.5788304561524876,19.33740994391851,1095439.0,1095439.0,0.005564846978256878,False,False,False,97.47574220055935
Ivica Zubac,IND,48,1446.6983333333333,56.40731799339741,0.8109193249116409,51.607827798645516,18102000.0,18182685.652597208,0.09236832293760791,False,False,False,97.3171507368324
Dean Wade,CLE,59,1317.6833333333334,44.259769439410476,0.7739166426023992,39.75689066678294,6623456.0,8690456.837506939,0.04414765447630796,False,False,False,97.07370712288244
Jakob Poeltl,TOR,46,1149.06,60.466346489503344,0.7227032586061861,52.92114210901549,19500000.0,19877956.08503057,0.10098032282373122,False,False,False,96.72822535021561
Harrison Barnes,SAS,77,1986.475,53.141630322609466,0.9502332249601577,51.951520919927376,19000000.0,19056495.590417344,0.09680729086923096,False,False,True,96.36899255752981
Skal Labissiere,WAS,3,37.55,45.68501675562015,0.13064525180113443,27.81259794850075,3207632.4,3207632.4,0.016294821955854098,True,False,False,96.25672177862704
Noah Penda,ORL,59,757.275,24.629487574527044,0.5866991640448358,20.048763062862335,1272870.0,1286329.5085040808,0.006534573699166809,False,False,False,95.53630009889788
Cameron Johnson,DEN,54,1647.0316666666668,57.68134499220721,0.8652460676453593,54.18359036466514,21057065.0,22278916.92283256,0.1131772408293486,False,False,False,95.16099392151993
Collin Sexton,CHI,68,1613.2033333333334,54.9505767441164,0.8563143362248716,51.39755220167937,19175000.0,19175000.0,0.09740929509363427,False,False,True,95.13474795970203
DeAndre Jordan,NOP,12,198.8,41.859397066668286,0.30060544965724817,28.685091681590762,3571495.0,3627679.2798175714,0.0184286665696382,False,False,False,95.0911826562327
Isaiah Stewart,DET,58,1317.135,52.45878507789029,0.7737555991866729,47.11795719908621,15000000.0,15000000.0,0.07620023084247793,False,False,False,95.04048168180422
Tristan Vukcevic,WAS,49,670.98,34.449565301657756,0.5522598202756643,27.50856074984249,3256068.0,3256068.0,0.016540875549253695,False,False,False,94.70638759979634
Taj Gibson,MEM,10,96.87333333333332,27.835258345457714,0.20984120980716187,17.937835018929327,960753.0,960753.0,0.00488064002550688,False,False,False,94.66948817810854
Kyshawn George,WAS,48,1390.9633333333334,29.23727138331532,0.7951453078564072,26.54204488055884,2966760.0,2966760.0,0.015071186456948655,False,False,False,94.40383780105239
Orlando Robinson,ORL,4,24.816666666666663,25.982053379282,0.10620877096691698,15.53191423907977,636435.0,643164.7542520404,0.0032672868495834044,False,False,False,94.33358013795791
Christian Koloko,ATL,27,356.6683333333333,17.87070165490425,0.40264372551546074,13.066872561555018,389251.0,389251.0,0.002,False,False,False,94.23625808347398
AJ Green,MIL,78,2269.9333333333334,24.18562315654023,1.0,24.18562315654023,2301587.0,2301587.0,0.01169209738026975,False,False,True,94.01600853941599
Scotty Pippen Jr.,MEM,10,211.86666666666667,34.846147918345224,0.3103272954527692,24.03155123329112,2270735.0,2270735.0,0.011535368745472941,False,False,False,93.85937598328363
Justin Edwards,PHI,64,977.0183333333332,27.5401399804993,0.6664077148594862,23.40590977736633,2048494.0,2122612.3064706614,0.010782903182809927,False,False,False,93.5997966983686
Luke Kennard,LAL,78,1680.4766666666667,46.07695383477736,0.8739868593423075,43.464118085680454,11000000.0,12598332.2002332,0.06399972145919951,False,False,True,93.19131037310488
Koby Brea,PHX,12,83.86666666666666,36.060080000814935,0.19524654189309504,23.001316664694578,2049320.7000000002,2056055.5731999252,0.010444793953519839,True,True,False,93.01320641915281
Bobby Portis,MIL,67,1619.3133333333333,47.30264898267986,0.8579344468847927,44.27861433648735,13445754.0,13445754.0,0.06830463724341139,False,False,True,92.79900744648775
Kevin Huerter,DET,69,1549.0766666666666,52.598922777934256,0.8391220159045748,48.79101887998701,17991071.0,17991071.0,0.09139491755356068,False,False,True,92.34726704694255
Obi Toppin,IND,24,423.725,59.83635338081107,0.4388647544828278,44.7270243004739,14000000.0,14062401.896826921,0.07143721804919405,False,False,False,92.27908816367331
Chaney Johnson,BKN,17,347.5833333333333,32.31654207168157,0.39748260872951946,23.554466690921032,2291166.0,2291166.0,0.011639158539895784,True,True,False,91.70807914085869
Kelly Oubre Jr.,PHI,50,1574.3116666666667,40.1833759060691,0.8459292004188129,37.39738772099534,8382150.0,8685431.709676988,0.04412212674959762,False,False,False,91.33103715880418
Derrick Jones Jr.,LAC,50,1349.5083333333334,44.41335629215701,0.7832067918422815,40.08052499412418,10000000.0,10632073.36764896,0.05401109632993416,False,False,False,91.19504245716574
PJ Hall,CHA,19,213.37833333333333,33.58054515075397,0.3114324188570476,23.175431514191608,2291166.0,2291166.0,0.011639158539895784,True,True,False,90.23232558460987
Mac McClung,CHI,11,135.175,18.893119802086662,0.24787735237044514,12.498645322699158,177731.0,177731.0,0.002,False,False,False,90.13829137578396
Trendon Watford,PHI,53,863.7166666666667,28.78325188339893,0.6265767988431146,23.94650155729723,2461463.0,2550523.2896567886,0.012956697562730898,False,False,False,89.79991753203909
Andrew Wiggins,MIA,68,2062.5983333333334,56.14167505516302,0.9682689176926506,55.340028804741486,28223215.0,28223215.0,0.1433743665411257,False,False,True,89.4707808142461
Kevin Love,UTA,37,612.8,35.906673512555955,0.5277740563398835,28.276445260132856,4150000.0,4150000.0,0.021082063866418893,False,False,False,89.42564761170604
Moses Moody,GSW,60,1539.8983333333333,48.262687567938166,0.8366324090535746,44.714636017679844,11574075.0,15409795.663950581,0.07828199912189664,False,False,False,89.34595761213379
Pascal Siakam,IND,62,2056.651666666666,66.3402403463305,0.9668721046067399,65.35126970217986,45550512.0,45753543.31073125,0.23242870414260217,False,False,False,89.21943925751516
Antonio Reeves,CHA,10,67.67666666666666,36.86957489419017,0.1753913373348901,23.188238013252004,2380266.9,2380266.9,0.012091792483113954,True,True,False,89.08465152210059
Jalen Slawson,IND,13,310.55,32.58745606778374,0.3757114463375995,23.432666950541563,2456639.1,2467589.02426137,0.012535390218205416,True,True,False,88.89561637264445
Grant Williams,CHA,36,711.4533333333334,52.72274804444146,0.5686720309527089,42.48938991797102,13645500.0,13645500.0,0.06931934999740216,False,False,False,88.59073453489385
Deandre Ayton,LAL,72,1958.385,62.669666140317794,0.9434908584612783,61.076032074969355,33654814.0,38544956.99173264,0.19580897470556072,False,False,True,88.53934048445554
Steven Adams,HOU,32,730.365,54.24793929020253,0.5761806061549546,43.90184135391013,14130434.0,15163538.848803787,0.07703101071118203,False,False,False,88.21788738169535
Jamir Watkins,WAS,50,1032.1766666666667,22.983308020775933,0.6849607376494015,19.725018038417105,1546981.0,1546981.0,0.007858687287261823,False,False,False,88.11539292921229
Franz Wagner,ORL,34,1019.0033333333332,71.2901072544819,0.6805757366622273,61.042801757616736,38661700.0,39070514.317198314,0.19847881400699002,False,False,False,88.07271408301547
Alex Sarr,WAS,48,1304.6616666666666,44.63046500452949,0.7700831320727849,40.01288147694002,11808240.0,11808240.0,0.0599860409228921,False,False,False,87.75848831835174
Jimmy Butler III,GSW,38,1181.6766666666667,85.49910031192138,0.7328886392732239,75.22209885056678,54126450.0,72064293.21695583,0.36608771857547,False,False,False,87.59867092648993
Matisse Thybulle,POR,30,479.65,52.2037079839326,0.4669290387978962,39.6809816269436,11550000.0,11629952.206373535,0.05908033618750992,False,False,False,87.4952039345066
Lauri Markkanen,UTA,42,1442.5966666666666,70.33693132591488,0.8097689532056398,64.31581069242056,46394100.0,46394100.0,0.23568274198193367,False,False,False,87.37956941953057
Danny Wolf,BKN,57,1187.1616666666666,27.321459819293516,0.7345875981759693,24.058305396903666,2801280.0,2801280.0,0.014230545510294438,False,False,False,87.30605554149035
KJ Simpson,DEN,20,257.61,20.562396078752464,0.34219213103964646,14.475648403375166,636434.0,673363.5581628312,0.00342069723819467,False,False,False,86.51766282249257
Thanasis Antetokounmpo,MIL,34,147.95833333333334,36.06951033613951,0.25933335280828784,24.047542857207645,2874436.0,2874436.0,0.014602179116128591,False,False,False,86.48312980801028
Chris Livingston,CLE,3,17.426666666666666,44.47692224802242,0.08900119168422477,26.243631823546604,2823885.0,3705142.8599485345,0.018822182748829144,False,False,False,86.35675550390211
Michael Porter Jr.,BKN,52,1688.6033333333332,62.75795560627625,0.8760975800086254,59.25881744827825,38333050.0,38333050.0,0.19473248392641657,False,False,False,86.07091406753645
Darius Garland,LAC,45,1344.2766666666666,67.46314915258081,0.7816871807090408,60.83551752219493,39446090.0,41939372.294688396,0.21305265668292525,False,False,False,85.62363258233215
Stephen Curry,GSW,43,1328.7283333333332,84.19871094812058,0.7771534110086786,75.75518295860587,59606817.0,79360888.031959,0.4,False,False,False,85.52601368192536
Santi Aldama,MEM,43,1198.0783333333334,51.592416764618484,0.7379573569021862,45.508680800856425,18485916.0,18485916.0,0.09390873776897708,False,False,False,85.3206236261692
Kris Murray,POR,57,1333.21,26.85217778145989,0.778462937752688,24.175239120168662,3132000.0,3153680.5463516805,0.016020745709028665,False,False,False,84.16638993091827
Royce O'Neale,PHX,78,2213.0533333333333,36.229801495615796,1.0,36.229801495615796,10125000.0,10158274.729108647,0.05160419195462592,False,False,True,83.75930915935237
Scoot Henderson,POR,30,747.83,45.387410847697815,0.5830289249022962,36.87105397401823,10747994.0,10822394.50514195,0.054977930637345414,False,False,False,83.37320406979285
Jonathan Mogbo,TOR,40,248.89666666666668,28.906062867680603,0.33635524150048335,20.27355216773342,1955377.0,1993276.8274707089,0.010125876959082004,False,False,False,82.8772436345075
N'Faly Dante,ATL,4,15.416666666666666,34.827177023287405,0.08371126422158345,20.466889520857798,2048494.0,2048494.0,0.010406381045295399,False,False,False,82.87123626313608
Khaman Maluach,PHX,46,411.025,39.9024813364577,0.43223783436268676,29.707677688407337,6016080.0,6035851.203189723,0.030662217000927004,False,False,False,82.40704395958878
Daniel Gafford,DAL,55,1194.4383333333333,45.43415385226336,0.7368354735974071,40.05365794079831,14386320.0,14386320.0,0.07308272699825047,False,False,False,81.98112996257383
Caleb Love,POR,49,1012.6083333333332,24.64117411391666,0.6784368173614365,21.075511646506747,2291166.0,2307026.067261301,0.011719727925661675,True,True,False,81.85851601217693
Isaiah Stevens,SAC,3,42.78333333333333,35.02815877139416,0.1394523922239045,21.463629565408134,2380266.9,2447144.8034146936,0.012431533261677993,True,True,False,81.66320048980512
Dillon Brooks,PHX,56,1701.5833333333333,48.89347523715237,0.8794583388068873,46.24130991018658,22124110.0,22196818.520199496,0.11276017968051939,False,False,False,81.31721350469843
MarJon Beauchamp,PHI,14,196.11166666666668,31.25655465379671,0.2985660172669801,21.39057032600049,2380266.9,2466389.3643939258,0.012529295927616636,True,True,False,81.16240481044031
Patrick Baldwin Jr.,SAC,9,102.47166666666666,17.367459958761987,0.21581943912222157,11.238808937594039,353987.0,363932.90497227735,0.002,False,False,False,81.05254678231343
Dereck Lively II,DAL,7,115.27333333333333,42.6041879501734,0.22890384377936884,27.820821444897383,5253191.0,5253191.0,0.026686291123975164,False,False,False,81.01696090319268
Nikola Jović,MIA,47,808.0183333333333,31.815987945454182,0.6060371775774656,26.17554556133557,4445417.0,4445417.0,0.02258278677273838,False,False,False,80.81286079212498
Jonathan Kuminga,ATL,36,830.4966666666667,55.69412992315057,0.6144090533581719,46.030311397393305,22500000.0,22500000.0,0.11430034626371689,False,False,False,80.56272500530076
John Collins,LAC,69,1871.4783333333328,51.64203813024425,0.9223188004681296,49.83681116954167,26580000.0,28260051.011210937,0.14356149404496502,False,False,True,80.53670040753882
Dwight Powell,DAL,63,904.4116666666666,29.807381299777415,0.6411678501930771,24.994250279416207,4000000.0,4000000.0,0.020320061557994113,False,False,False,80.07062775619957
DaRon Holmes II,DEN,25,209.51,34.19256435503496,0.3085965297630843,23.554178411918354,3218760.0,3405530.9528909433,0.01730014965009958,False,False,False,79.82839271956794
Jayson Tatum,BOS,16,521.85,80.42216584549084,0.48703649293923085,61.858029538604235,54126450.0,54126450.0,0.27496319897892263,False,False,False,79.62635894826172
Tyler Herro,MIA,33,1032.6533333333334,59.24282753784226,0.6851188793106484,50.84832597027747,31000000.0,31000000.0,0.15748047707445437,False,False,False,79.5525642246357
Kristaps Porziņģis,GSW,32,768.8916666666667,68.62914630873087,0.5911820465146181,56.00357409420798,30731707.0,40916386.43039722,0.20785587274908662,False,False,False,79.50708209059482
Stanley Umude,SAS,2,6.566666666666666,19.14051580948936,0.054633766892357744,10.997857010739958,363537.0,364617.9598659763,0.002,False,False,False,79.31483886040887
Sharife Cooper,WAS,41,699.9983333333333,25.64026227125378,0.5640754032982298,20.610512825788017,2380266.9,2380266.9,0.012091792483113954,True,True,False,79.18153814566662
Monte Morris,IND,6,64.61666666666666,17.503563350457778,0.17138031427562536,10.976854627326926,321184.0,322615.60648788983,0.002,False,False,False,79.16337292895854
Sidy Cissoko,POR,75,1435.055,17.000424096368643,0.8076495076905126,15.528906121385683,1081951.0,1089440.5558128185,0.005534374789472948,False,False,True,78.42846987604504
D'Angelo Russell,WAS,26,494.775,36.18575183777627,0.4742338318516797,27.62439199938512,5685000.0,5685000.0,0.028879887489299132,False,False,False,78.251231314704
Tidjane Salaün,CHA,37,575.38,39.57025270068918,0.5114062608497901,30.870052723922395,7863240.0,7863240.0,0.03994538021132041,False,False,False,78.06043216502914
Joe Ingles,MIN,27,152.68833333333333,35.715639947102154,0.2634459866439189,23.877715872923666,3634153.0,3796468.5232945434,0.019286118524083032,False,False,False,77.90475479304833
Luguentz Dort,OKC,69,1848.7416666666663,42.184364419680854,0.9166990352411859,40.60306520542729,17222222.0,17332360.178287707,0.08804865644203301,False,False,True,77.8597024600661
Miles Kelly,DAL,14,133.72333333333333,19.297072448502973,0.24654276167296685,12.754288936822396,636435.0,636435.0,0.0032330995944154957,False,False,False,77.7492929164833
Carter Bryant,SAS,71,817.865,31.56651971648534,0.6097186385389725,26.022598785294022,4900320.0,4914890.8669281015,0.02496772124170052,False,False,True,77.5666301801016
Andrew Nembhard,IND,57,1785.5933333333332,43.046117200958285,0.9009069504301392,41.12661023944522,18102000.0,18182685.652597208,0.09236832293760791,False,False,False,77.55266397924403
Jerami Grant,POR,57,1695.1016666666667,53.076432665311,0.8777817254737977,50.15732315704879,32000001.0,32221513.613325138,0.16368578502862802,False,False,False,77.41718728001116
Asa Newell,ATL,44,499.90833333333336,29.345870485798326,0.47668759225100527,22.43519432216235,3237480.0,3237480.0,0.016446448223193695,False,False,False,77.39474410021108
Jaren Jackson Jr.,UTA,48,1454.6483333333333,56.33967732336331,0.8131443831686891,51.60235400211298,35000000.0,35000000.0,0.1778005386324485,False,False,False,77.37484896892154
Nique Clifford,SAC,75,1881.925,23.07288776063486,0.9248894282807294,22.293029754722728,3108120.0,3195448.252626324,0.016232926299687908,False,False,True,77.25686582687648
Seth Curry,GSW,10,133.0,35.364939856211194,0.2458750606599731,23.363627450488163,2777830.0,3698420.19247256,0.018788031494592714,False,False,False,76.92875438738032
John Konchar,UTA,56,1114.6766666666667,32.02425493257901,0.7118084097011022,27.871150501858242,6165000.0,6165000.0,0.03131829487625842,False,False,False,76.74187999694313
Svi Mykhailiuk,UTA,50,1155.611666666667,26.43126475157853,0.7247606710515068,23.157549143510533,3675000.0,3675000.0,0.01866905655640709,False,False,False,76.41993082307994
Jaden Ivey,CHI,37,670.255,41.2433102184741,0.5519613787543144,32.927942087822146,10107163.0,10107163.0,0.051344543584170114,False,False,False,76.26029148718146
Yuki Kawamura,CHI,18,209.02,28.732947804984587,0.30823544719757806,19.788552149929867,2380266.9,2380266.9,0.012091792483113954,True,True,False,76.02372683064362
John Poulakidas,DAL,13,253.435,26.687289904999062,0.33940790690955813,18.754054191234424,2049320.7000000002,2049320.7000000002,0.010410580694017898,True,True,False,75.92517616556448
Marcus Smart,LAL,62,1768.9783333333332,45.59414139511705,0.8967056711129134,43.47481408865085,19920855.0,22815413.545697868,0.11590265192991835,False,False,False,75.72023075420508
Curtis Jones,DEN,10,87.71666666666667,30.878997094706968,0.19967777072376414,19.758080588014337,2291166.0,2424112.618278881,0.012314529406734288,True,True,False,75.42327587076458
Anfernee Simons,CHI,55,1371.9333333333334,51.11967427619823,0.7896873182507496,46.2816721719693,27678571.0,27678571.0,0.14060756663932766,False,False,False,75.33778983509097
Haywood Highsmith,PHX,7,90.79,43.32949158114079,0.20314571572686888,27.79221063032692,6443984.0,6465161.463899304,0.0328431197322013,False,False,False,75.261769881136
Liam McNeeley,CHA,31,367.52166666666665,28.009679135340697,0.408723993705169,20.55702608780594,2763960.0,2763960.0,0.014040959335958352,False,False,False,74.95114802386595
Jahmir Young,MIA,14,58.195,19.86884302784777,0.16264154674397538,12.38203837824436,656323.0,656323.0,0.0033341309404818424,False,False,False,74.67153747987246
Bez Mbeng,UTA,15,492.185,13.565398621934055,0.4729909666636928,10.348309195378842,219459.0,219459.0,0.002,False,False,False,74.63040076877094
Paul George,PHI,37,1135.0316666666668,65.92164869278938,0.7182781389186816,57.56444239291271,51666090.0,53535464.81523538,0.2719609851453527,False,False,False,74.38474285448302
Trey Alexander,NOP,9,110.64333333333332,28.130052424574487,0.22425972496733387,18.310325852539258,2049320.7000000002,2081559.1905046043,0.010574352721915488,True,True,False,73.7248880041574
DeMar DeRozan,SAC,77,2405.515,43.7899628357768,1.0,43.7899628357768,24570000.0,25260338.58635728,0.1283229087626385,False,False,True,73.59952035193017
Keon Ellis,CLE,72,1478.638333333333,22.589360598597334,0.8198221351813656,20.75781435647428,2301587.0,3019849.830853724,0.015340883614711445,False,False,True,73.37377576507241
Dejounte Murray,NOP,14,389.4166666666667,63.58417844673154,0.4207226827229259,47.00938590638131,30801103.0,31285644.568626538,0.15893155587900384,False,False,False,73.31079118721163
Rob Dillingham,CHI,65,969.9533333333334,18.03562740818731,0.6639938846012656,15.308590911295527,1272870.0,1272870.0,0.006466199188830991,True,False,True,73.21750337641953
Moritz Wagner,ORL,36,426.595,33.12539018047113,0.440348518995827,24.78298702746734,5000000.0,5052870.711479101,0.025668660975460212,False,False,False,73.15927626114181
Noah Clowney,BKN,66,1780.0633333333333,22.488678372742037,0.8995108098125875,21.471737287614125,3398406.0,3398406.0,0.017263954779764137,False,False,True,72.82407202189424
Jase Richardson,ORL,54,586.7483333333333,26.296856406196557,0.516433720702655,20.5745335518941,2983320.0,3014866.050193967,0.015315565932261995,False,False,False,72.76797787922446
Jusuf Nurkić,UTA,41,1083.0683333333334,45.2305780998931,0.7016436331064281,39.15790417042207,19375000.0,19375000.0,0.09842529817153399,False,False,False,72.2169190406097
Zaccharie Risacher,ATL,67,1503.253333333333,37.10430769428661,0.8266177893663852,34.20935559285725,13197720.0,13197720.0,0.06704462070629251,False,False,True,72.16463026652347
Devin Carter,SAC,38,699.8683333333333,30.37865961735826,0.5640230223111196,24.41868132456147,4923720.0,5062060.818250674,0.025715346859290937,False,False,False,72.03801670823277
Luke Travers,CLE,12,103.09166666666668,19.8252434508967,0.21647135719269764,12.835102708414249,636435.0,835049.0887806499,0.004242062221992425,False,False,False,71.14661827312707
Dalano Banton,BOS,6,61.65,15.671524423642392,0.1673999022482608,9.799873678472851,311219.0,311219.0,0.002,False,False,False,70.6751688898472
Harrison Ingram,SAS,7,26.116666666666667,29.149154572592522,0.10895509222249376,17.461211986024935,2049320.7000000002,2055414.256994789,0.010441536057328211,True,True,False,70.61772515905245
Zach Collins,CHI,10,183.73666666666668,54.91699114405041,0.2889925027862603,37.346114551522234,18080496.0,18080496.0,0.09184919792976658,False,False,False,70.56281889066268
Drew Timme,LAL,27,235.08166666666668,27.588227792491217,0.32688729407901895,19.23173379505554,2380266.9,2726126.6483108415,0.013848765327141117,True,True,False,70.45818394938132
Keaton Wallace,ATL,53,535.99,22.491443018402947,0.493590739562462,17.36599925709784,2048494.0,2048494.0,0.010406381045295399,False,False,False,70.31561028918304
Max Christie,DAL,77,2244.48,27.422388448736733,1.0,27.422388448736733,7714286.0,7714286.0,0.03918869159899304,False,False,True,69.80811112702239
Kyle Anderson,MIN,43,853.2366666666667,35.578604550624206,0.6227638785967347,29.538913897096087,9198626.0,9609472.706999071,0.04881626923652136,False,False,False,69.63118622167379
Rui Hachimura,LAL,68,1926.565,39.93182950959133,0.9357945093001795,38.77810029089913,18259259.0,20912382.782917988,0.10623522636830744,False,False,True,69.63048395576442
LJ Cryer,GSW,18,292.14666666666665,27.666933664502295,0.3644090275966546,19.753749692444355,2291166.0,3050472.706647486,0.015496448295014459,True,True,False,69.57851607300574
Josh Green,CHA,58,907.9283333333332,39.61066368291971,0.6424131824376714,33.236750657361576,13666667.0,13666667.0,0.06942687868315169,False,False,False,69.26131943911481
Jordan Clarkson,NYK,72,1279.4616666666666,40.31450569991903,0.7626096543110931,36.007882199947495,14285714.0,17227809.465369113,0.08751753721142351,False,False,True,69.19443607111407
Caris LeVert,DET,60,1154.415,38.048763597154924,0.7243853193633143,33.32970457480215,14104000.0,14104000.0,0.07164853705348724,False,False,False,68.69352069819726
Julian Reese,WAS,13,401.5,22.738513081467204,0.42720018726587655,16.87743586575463,2049320.7000000002,2049320.7000000002,0.010410580694017898,True,True,False,68.32774813721977
Cam Christie,LAC,55,479.75,22.25157603464863,0.466977710194161,16.914312330248915,1955377.0,2078971.172541332,0.010561205550833766,False,False,False,68.13362537320162
Johnny Furphy,IND,35,643.0533333333333,20.87007064358503,0.5406449571548501,16.556023155985642,1955377.0,1964092.659557981,0.009977620936955638,False,False,False,68.03046678144415
Jarace Walker,IND,76,1953.3833333333332,26.106176280803663,0.9422852620897321,25.428156275955036,6665406.0,6695115.569822967,0.03401129012917188,False,False,True,68.02266778695471
Malaki Branham,WAS,28,275.4783333333333,32.16176889333184,0.3538607413127715,22.810327213468508,4962033.0,4962033.0,0.025207204003199552,False,False,False,67.7648926142008
Hayden Gray,UTA,1,24.75,15.668215374027412,0.10606601717798213,9.365357796169539,14631.0,14631.0,0.002,False,False,False,67.54150774536056
Chris Mañon,LAL,9,46.085,29.566460561847784,0.14473329704227453,18.187216402560257,2291166.0,2624079.126716318,0.013330362346980755,True,True,False,67.52715084871664
Jericho Sims,MIL,67,1317.835,19.74699036635218,0.7739611806097959,17.738376491338187,2461463.0,2461463.0,0.012504269920681215,False,False,True,67.35197344655134
Dennis Schröder,CLE,70,1696.2983333333334,37.70013038351099,0.8780915083120306,35.63194566933886,14104000.0,18505475.57592258,0.09400810071567584,False,False,True,66.7787931155034
Taurean Prince,MIL,26,611.3033333333333,25.64121749797476,0.5271291601829209,20.18497467448489,3697105.0,3697105.0,0.018781350296591958,False,False,False,66.4707685432246
Amari Williams,BOS,22,145.72333333333333,17.993700454735368,0.25736720612362174,11.980480036341717,837589.0,837589.0,0.004254965010074683,False,False,False,66.3387826998488
P.J. Washington,DAL,56,1735.62,33.79428912844472,0.8882106629725753,32.09426059880285,14152174.0,14152174.0,0.07189326171486095,False,False,False,66.06833844994249
Wendell Moore Jr.,DET,6,59.555,27.042664377765025,0.16453101393188624,16.875676053042785,2291166.0,2291166.0,0.011639158539895784,True,True,False,65.70455851689782
Anthony Davis,WAS,20,625.63,63.64677201431023,0.5332703561302398,50.27914615824575,54126450.0,54126450.0,0.27496319897892263,False,False,False,64.72151423947422
Andersson Garcia,UTA,5,168.75,13.242940929634,0.27695585470349865,8.934087022078328,73153.0,73153.0,0.002,False,False,False,64.43124981794396
Jarred Vanderbilt,LAL,65,1127.7416666666666,34.33600567718153,0.7159677705629273,29.9473661680773,11571429.0,13252791.50667384,0.0673243848077185,False,False,True,63.081958858810296
Payton Sandfort,OKC,4,63.333333333333336,24.916067825686383,0.16966991126265962,15.60621546177689,2049320.7000000002,2062426.352024767,0.010477157607993125,True,True,False,63.04044315187321
Elijah Harkless,UTA,26,544.8133333333334,21.432171425993314,0.4976368397158959,16.587141409802612,2456639.1,2456639.1,0.012479764434443815,True,True,False,63.024032478605214
Ethan Thompson,IND,32,653.2316666666667,21.46565253952264,0.5449068588745097,17.069660481288768,2673027.0,2684941.4253621125,0.013639543760741646,True,True,False,62.871209259074504
Kyle Kuzma,MIL,69,1805.7416666666663,37.26555230651786,0.9059755331501324,35.68880914714907,22560605.0,22560605.0,0.11460822059639744,False,False,True,62.40414154241464
Egor Dëmin,BKN,52,1308.2083333333333,26.226291966061844,0.7711291406211748,23.525196674795193,6889200.0,6889200.0,0.03499724202133326,False,False,False,62.30577485721362
Jalen Green,PHX,32,828.325,49.48269997236682,0.6136052180648105,40.87876429294263,33333333.0,33442879.43218403,0.16989034218463867,False,False,False,62.27956825000082
Cam Whitmore,WAS,21,353.9833333333333,17.820619500712798,0.401125311033242,13.018076418404855,1272870.0,1272870.0,0.006466199188830991,True,False,False,62.26249428454956
Myles Turner,MIL,71,1911.8033333333333,38.20054934015093,0.9322025075870131,37.03509368582356,25318251.0,25318251.0,0.1286171047151865,False,False,True,62.196474519749245
Jordan McLaughlin,SAS,44,281.6166666666667,24.094799123276754,0.35778146368639024,17.131442141702195,2874436.0,2882982.9978387826,0.014645597996683617,False,False,False,61.54649302656056
Nick Smith Jr.,LAL,30,374.87666666666667,25.56666080508571,0.4127935135736569,18.810851727631896,3360312.0,3848575.170220911,0.019550821092364147,False,False,False,61.0812035020999
Jeremiah Robinson-Earl,DAL,22,360.615,14.342932102899935,0.4048652974643654,10.501742619153266,749755.0,749755.0,0.003808766938353469,False,False,False,60.44963829100483
Dalen Terry,PHI,48,551.0266666666666,27.797404929038315,0.5004664490919113,21.54882355343368,5697604.0,5903753.8639588235,0.029991160484722224,False,False,False,60.239699413552344
Buddy Hield,ATL,51,819.2716666666666,30.49279816703734,0.6102427485199738,25.144643025453494,9219512.0,9219512.0,0.046835262843666355,False,False,False,60.1383922720063
TyTy Washington Jr.,LAC,16,88.12833333333333,24.6146196006961,0.2001457802036639,15.754971290361828,2291166.0,2435984.5009462796,0.012374838753386993,True,True,False,60.03930411445965
Jae'Sean Tate,HOU,46,404.72333333333336,22.361677786363526,0.4289115893924429,16.61495502487383,2667947.0,2863006.046456147,0.014544114776224566,False,False,False,59.83640503252116
Ja Morant,MEM,20,568.5,53.26814260865955,0.5083395429327635,41.482714904716225,39446090.0,39446090.0,0.200386744255544,False,False,False,59.65129842768127
Micah Peavy,NOP,61,912.935,14.92387139666248,0.6441820042080145,12.53428949224448,1272870.0,1292893.9071457167,0.006567920945289122,False,False,False,59.62203922584814
Amir Coffey,PHX,46,490.50166666666667,21.668510963399758,0.4721814302048557,16.52184185356833,2874436.0,2883882.5263447054,0.014650167615336999,False,False,False,59.34995976771089
Walter Clayton Jr.,MEM,69,1410.535,20.258887094105045,0.8007198465925974,18.44214973651562,3991320.0,3991320.0,0.020275967024413265,False,False,True,59.12550566264719
Nicolas Batum,LAC,74,1294.595,23.684478962310873,0.7671064285529569,21.202295660283152,5601600.0,5955662.217622241,0.030254855720175916,False,False,True,59.08965876661671
Kobe Brown,IND,61,962.3766666666668,18.761689857844754,0.6613954485736498,15.902932747602632,2654692.0,2666524.7011636607,0.01354598651838936,False,False,False,58.715177013905944
Nic Claxton,BKN,69,1920.3666666666663,36.075698758584416,0.9342879317394286,35.00892480786706,25541760.0,25541760.0,0.12975253387487792,False,False,True,58.613155415317294
Colin Castleton,ORL,4,21.383333333333333,25.786893800177324,0.09858852351920568,15.32682289375525,2456639.1,2482615.951412876,0.012611727239391942,True,True,False,58.021361504245704
Jaden Hardy,WAS,57,898.0966666666667,24.883125976914716,0.6389254710650981,20.84002763117068,6000000.0,6000000.0,0.03048009233699117,False,False,False,57.92945849390035
Pacôme Dadiet,NYK,29,135.76,25.78989078798875,0.24841314560443636,17.067386486341437,2847600.0,3434053.7850320316,0.01744504607632839,False,False,False,57.675139897103335
Terrence Shannon Jr.,MIN,43,537.675,20.540372148349,0.49436598514939034,15.866712272196095,2674080.0,2793514.8984567993,0.014191098674953958,False,False,False,57.635254496473785
Eric Gordon,PHI,6,73.75,27.633415420175687,0.18309212782838938,17.475135853897235,3634153.0,3765643.3855296983,0.019129526349854205,False,False,False,57.178263350949955
Mason Plumlee,SAS,20,171.48833333333334,28.142532846480478,0.2791939154498938,19.014143836803022,4782879.0,4797100.661736827,0.024369345186596655,False,False,False,57.15948403397543
Isaiah Crawford,HOU,14,92.1,23.37761612118413,0.2046060516300443,15.010129645636532,2291166.0,2458677.8191001336,0.012490121158847357,True,True,False,57.01550709294838
Drew Eubanks,SAC,42,552.27,21.081328233106433,0.5010307557244547,16.347807745547406,3080921.0,3167485.0475302585,0.01609087278746019,False,False,False,56.82815247160975
Duop Reath,POR,32,258.17,20.413385194673566,0.3425638626592128,14.374161494077457,2221677.0,2237056.0457142284,0.011364279139399004,False,False,False,56.435156439036
Tyson Etienne,BKN,24,380.01666666666665,20.11748455880381,0.41561382133520114,14.827113592253456,2456639.1,2456639.1,0.012479764434443815,True,True,False,56.33668065613186
RayJ Dennis,ATL,17,206.2333333333333,11.337958840750689,0.3061738464376476,7.798001273473846,199170.0,199170.0,0.002,False,False,False,56.23797561969098
Trae Young,WAS,15,383.7533333333333,55.58836358902213,0.41765216787816783,41.02107022675188,46394100.0,46394100.0,0.23568274198193367,False,False,False,55.73129553919029
Malik Monk,SAC,62,1363.6433333333334,33.33188565144752,0.787297833597857,30.141491721698394,18797619.0,19325772.10245595,0.09817521969441756,False,False,False,55.6379294193705
Ben Sheppard,IND,65,1390.4766666666667,16.8177378143234,0.7950061939914987,15.266348376968338,2790720.0,2803159.0158223445,0.014240090939589058,False,False,True,55.38760388373751
Pat Connaughton,CHA,42,296.5183333333333,33.67178037722336,0.3671254017445001,24.082273861771164,10739683.0,10739683.0,0.05455775491833572,False,False,False,54.60150267635169
Draymond Green,GSW,68,1868.888333333333,37.37640288198216,0.9216803659456443,36.059115093788904,25892857.0,34473911.351524204,0.17512800020195096,False,False,True,54.35599933075706
Bilal Coulibaly,WAS,56,1467.605,22.524208561735954,0.816757725288339,20.66688431591639,7275682.0,7275682.0,0.036960576529097434,False,False,False,53.69988138424045
Keshon Gilbert,ATL,4,73.78333333333333,11.657873086829095,0.18313349990615804,7.372556392689771,73153.0,73153.0,0.002,False,False,False,53.169733131138706
Lonzo Ball,CLE,35,727.7433333333333,30.953536182241997,0.5751455678716687,25.03570001556042,10000000.0,13120728.570563372,0.06665350305989495,False,False,False,52.9210645982168
Ziaire Williams,BKN,56,1281.2666666666669,21.601420268774994,0.7631473903473296,19.299061525486444,6250000.0,6250000.0,0.0317500961843658,False,False,False,52.8849746659232
Ace Bailey,UTA,72,1987.6433333333332,22.34147512510119,0.950512620865311,21.843945652626342,9069840.0,9069840.0,0.04607492678028933,False,False,True,52.54426656874328
Klay Thompson,DAL,69,1496.83,29.290368156235115,0.8248498485950474,26.98177256846299,16666667.0,16666667.0,0.08466692485164727,False,False,True,52.45386907540767
Guerschon Yabusele,CHI,67,1007.0566666666666,21.349655684083853,0.6765744824504027,18.24239513647512,5500000.0,5500000.0,0.027940084642241906,False,False,True,52.27680454736072
De'Andre Hunter,SAC,45,1175.486666666667,34.647535459755275,0.7309665664119812,30.452930016210004,23303571.0,23958326.973187484,0.12170866973043011,False,False,False,52.14028849514981
Cole Anthony,MIL,35,526.635,24.596357888738492,0.4892642899850197,18.943350649199154,6367947.0,6367947.0,0.03234926875951098,False,False,False,51.57165994304889
CJ Huntley,PHX,4,40.4,21.61559394066575,0.13551249523064787,13.206709049222605,2291166.0,2298695.6719005373,0.011677409389028389,True,True,False,51.36061423456389
Corey Kispert,ATL,58,1079.6066666666666,28.598117645020494,0.7005214507995475,24.744082393032926,13975000.0,13975000.0,0.07099321506824194,False,False,False,51.16256782401097
Xavier Tillman,CHA,30,183.87833333333333,19.940351951364732,0.2891038924090449,13.56136858756623,2546675.0,2546675.0,0.012937148192051164,False,False,False,50.88231968501008
Herbert Jones,NOP,56,1588.381666666667,26.38633821984705,0.8497009277779252,24.601709250645655,13937574.0,14156830.237960324,0.07191691547535656,False,False,False,50.63855322992619
Nick Richards,CHI,48,700.71,21.21890979948087,0.5643620694683028,17.0592169205478,5000000.0,5000000.0,0.02540007694749264,False,False,False,50.544476887480656
Will Riley,WAS,74,1632.4716666666666,16.056709532068297,0.8614131272261735,15.05534740957913,3512520.0,3512520.0,0.01784365565592137,False,False,True,50.475231046411004
Jeremy Sochan,NYK,44,468.5516666666667,28.11685880143098,0.4614954282579951,21.303383148013225,7902859.0,9530426.626465956,0.0484147139309336,False,False,False,50.36320672175012
Julian Phillips,MIN,48,427.01666666666665,17.35033370160946,0.4405660958908264,12.982469487479705,2221677.0,2320905.8065049686,0.011790237214621734,False,False,False,50.31891827475912
Bronny James,LAL,42,375.4916666666667,17.4176103725393,0.41313197685852193,12.817783017308011,1955377.0,2239499.0020632176,0.011376689395247741,False,False,False,50.30535589914083
Adou Thiero,LAL,25,148.90333333333334,16.52464724191511,0.2601602070519881,11.023131024616275,1272870.0,1457821.7370646212,0.007405756859433753,False,False,False,50.276210758172496
Mike Conley,MIN,54,991.2983333333332,27.348442995452725,0.671260122095117,23.302707280406523,11922765.0,12455282.436688237,0.06327302645892698,False,False,False,50.163374375412836
Tyrese Martin,PHI,46,776.61,15.668015089008463,0.5941418563394987,12.806468905517098,2191897.0,2271203.8925748006,0.01153775072696895,False,False,False,50.01426283398452
Tyler Smith,DAL,12,165.58333333333334,18.323860357226113,0.2743449498626711,12.340299544421567,2048966.0,2048966.0,0.01040877881255924,False,False,False,49.962326674078426
Chaz Lanier,DET,34,262.005,15.203450570679616,0.345098800082211,10.722909460946623,1372870.0,1372870.0,0.006974200727780844,False,False,False,49.94551089122195
Tyler Burton,MEM,12,306.74333333333334,9.639828217118025,0.37340164418329475,6.9216929870772885,146306.0,146306.0,0.002,False,False,False,49.91817618424554
Jett Howard,ORL,55,695.32,21.573855029059036,0.5621872868133407,17.32346642718344,5529506.0,5587975.783269593,0.02838700297515462,False,False,False,49.36848891760204
Isaiah Livers,PHX,36,347.36,18.36823446205257,0.39735489060902357,13.386947462036321,2673027.0,2681811.6172172935,0.013623644287199787,True,True,False,49.327122467205704
Kam Jones,IND,37,616.325,13.098055555403077,0.5292898329580187,10.323630992119057,1272870.0,1278543.5358867203,0.0064950208384484025,False,False,False,49.29877825119259
Taylor Hendricks,MEM,59,1118.465,20.329782942267112,0.7130169575951064,17.704346610175797,6127080.0,6127080.0,0.031125660692688642,False,False,False,48.85345427473894
Tony Bradley,ATL,41,450.68666666666667,15.328947123716091,0.45261194831508345,11.553049998521667,1813298.0,1813298.0,0.009211581745746902,False,False,False,48.81873874540412
John Tonje,BOS,6,41.89833333333333,20.724300675287427,0.13800252522942097,12.685367993469642,2380266.9,2380266.9,0.012091792483113954,True,True,False,48.73468982343632
Jevon Carter,ORL,53,867.4416666666667,23.178756729263828,0.6279264818963018,19.297866026576695,7978149.0,8062511.082783257,0.04095768037854139,False,False,False,48.37252853436571
Josh Oduro,NOP,3,81.76666666666667,19.66315438126313,0.1927865832122834,12.520591466447435,2380266.9,2417711.6063624904,0.01228201216769066,True,True,False,47.83958327392899
Buddy Boeheim,OKC,4,15.003333333333334,11.285509904624657,0.08258145657287094,6.626418678284722,212331.0,213688.88224852792,0.002,False,False,False,47.7887036698611
Alijah Martin,TOR,23,145.615,18.362624342706535,0.25727152264414416,12.225324534464336,2291166.0,2335574.211872572,0.011864752939628562,True,True,False,47.27991943631333
Larry Nance Jr.,CLE,35,448.77,20.83359333739724,0.45164849566489607,15.692733826126831,3634153.0,4768273.509689859,0.024222902810562646,False,False,False,47.274431942107775
Kelly Olynyk,SAS,42,360.2133333333333,30.639756425025283,0.4046397574798271,22.430994657842348,13445122.0,13485100.42661175,0.06850451769612086,False,False,False,46.96276765059603
Lindy Waters III,SAS,40,284.6766666666667,17.162253747075617,0.3597200089632002,12.21736229316863,2461463.0,2468782.0423934446,0.012541450768676306,False,False,False,46.34070176384892
Cam Thomas,MIL,42,880.5266666666666,20.95293184530847,0.6326447612518371,17.489205669080192,6898538.0,6898538.0,0.0350446792050404,False,False,False,46.29768009375437
Max Strus,CLE,12,288.295,36.13682298336277,0.36199886991285185,25.761922727847665,15936452.0,20909786.106981177,0.1062220352145869,False,False,False,46.260469133830455
Ochai Agbaji,BKN,62,973.2033333333334,19.91284788136892,0.6651053687312647,16.91193024943526,6383525.0,6383525.0,0.032428405239248594,False,False,False,46.00193474710387
Kevin McCullar Jr.,NYK,21,154.99333333333334,18.86574371126765,0.2654270429920718,12.629524396404829,2380266.9,2870474.9815042354,0.014582057081212019,True,True,False,45.441985013684565
Dalton Knecht,LAL,54,552.9283333333333,19.134224668264256,0.5013292935846264,14.840469868849045,4010160.0,4592847.986917015,0.02333173845516577,False,False,False,45.29737576443344
Ousmane Dieng,MIL,57,1099.4716666666666,19.2414687480351,0.706936948026377,16.703935147945685,6670882.0,6670882.0,0.03388818322152872,False,False,False,44.74131771865987
Kevon Looney,NOP,21,307.4866666666667,24.860443338919065,0.3738538038681253,17.855620925051788,8000000.0,8125850.445973065,0.04127944531830665,False,False,False,44.6349430090464
Dillon Jones,NYK,7,39.388333333333335,21.359930839831797,0.1338050368214436,13.034091811544721,2753280.0,3320308.893542981,0.01686722027708717,False,False,False,44.56792563955511
Aaron Nesmith,IND,45,1334.95,21.983947718963194,0.778970766168702,19.797354914553807,11000000.0,11049030.06179258,0.05612924275293818,False,False,False,44.44243343933414
Anthony Gill,WAS,55,950.9466666666668,15.785534426455571,0.6574560706606069,13.352276881333413,3627679.5,3627679.5,0.018428667688168327,True,False,False,44.26284520617557
Blake Wesley,POR,31,360.8183333333333,21.281553837171117,0.40497942334559833,15.583220740838254,5726328.0,5765967.182512429,0.029291202022506607,False,False,False,43.92442454447106
Kentavious Caldwell-Pope,MEM,51,1087.5583333333334,28.465415838375574,0.7030965061566563,24.662249201122762,21621500.0,21621500.0,0.10983755274404243,False,False,False,43.77002159159126
Cody Martin,IND,4,55.18,9.749562276232338,0.158372403473011,6.057086976651308,165197.0,165933.32901072263,0.002,False,False,False,43.682771747934936
Bub Carrington,WAS,82,2270.65,14.392665124074039,1.0,14.392665124074039,4677600.0,4677600.0,0.023762279985918316,False,False,True,43.650302575363945
Malevy Leons,GSW,25,276.4716666666667,17.71674193204238,0.35449815146759145,12.570456581845134,2456639.1,3270784.624349804,0.016615636227432166,True,True,False,43.20927573031904
Taelon Peter,IND,38,492.23,14.568060875361871,0.47301258872350227,11.113327765750448,2291166.0,2301378.3645960963,0.011691037509207124,True,True,False,43.20185850531973
Domantas Sabonis,SAC,19,563.5883333333334,39.17453051883738,0.5061388299187439,30.46847975309977,42336000.0,43525506.48726177,0.22111024279100783,False,False,False,42.329638508824374
Jonathan Isaac,ORL,52,520.8933333333333,27.25442284204145,0.48658986525584047,20.95770923537339,15000000.0,15158612.134437304,0.07700598292638064,False,False,False,42.117940091596694
Trevor Keels,MIA,8,14.946666666666667,14.973813994456208,0.08242535649870975,8.790997577438205,1272870.0,1272870.0,0.006466199188830991,True,True,False,42.045339021585164
Jalen Wilson,BKN,54,859.2216666666667,12.806877624358338,0.6249442399368947,10.645395674710835,2221677.0,2221677.0,0.011286153350494921,False,False,False,41.8964863729809
Hunter Tyson,DEN,21,161.9,16.08992504408872,0.27127644403985596,10.813626717121492,2221677.0,2350591.4671568843,0.011941040827580896,False,False,False,41.726646778622865
Chris Boucher,BOS,9,94.15,18.821674449750823,0.2068706227221607,12.104064128705135,3287409.0,3287409.0,0.016700088311575968,False,False,False,41.532351708495796
Daeqwon Plowden,SAC,32,844.3683333333333,13.440474623098886,0.619518997189584,11.139244254818811,2673027.0,2748130.5278988536,0.01396054537407689,True,True,False,40.695535562727315
Lucas Williamson,MEM,7,223.74,8.031235512447093,0.3189043743820395,5.569717793321193,95099.0,95099.0,0.002,False,False,False,40.167940794631214
Hunter Sallis,PHI,7,25.67333333333333,9.039291237910895,0.10802637163997024,5.411027006433812,209114.0,216680.1317725636,0.002,False,False,False,39.0234874544657
Tre Johnson,WAS,60,1442.8166666666666,17.06210971254049,0.8098306968593852,15.601999431176347,8237640.0,8237640.0,0.04184733797314866,False,False,False,38.81533965209577
Nolan Traore,BKN,56,1243.3916666666669,13.382839858470463,0.7517832335873356,11.888009502680838,3811560.0,3811560.0,0.01936278345799701,False,False,False,38.73265730956382
Zeke Nnaji,DEN,52,625.9883333333333,19.322535129225322,0.5334230511659123,15.26558286127528,8177778.0,8652299.675921967,0.043953815508236724,False,False,False,37.33115814002464
Omer Yurtseven,GSW,9,103.955,17.515209569504513,0.21737587889936805,11.346688096652432,2851228.8000000003,3796143.8127168715,0.019284468989351326,True,False,False,37.02143964759154
Nate Williams,GSW,14,239.17,15.603661162584032,0.32971750994394633,10.89717377646254,2673027.0,3558884.8244220666,0.018079189677516865,True,False,False,36.36705354994768
Cody Williams,UTA,67,1630.5416666666667,13.706299819939588,0.860903771062889,12.848377242003837,5742480.0,5742480.0,0.029171886773887507,False,False,True,36.26749614627365
Bobi Klintman,DET,12,71.38333333333334,13.898518771285861,0.18013042412921174,8.770781060675015,1955377.0,1955377.0,0.009933345252271464,False,False,False,36.09621878557894
Keegan Murray,SAC,23,793.0966666666667,19.469868130846653,0.6004152603394461,15.9689301461163,11144093.0,11457206.447613107,0.05820278507453635,False,False,False,35.39585266139837
Sean Pedulla,LAC,7,31.0,14.727371038232295,0.11870513506545996,8.886750626741392,2049320.7000000002,2178852.8036241727,0.011068605773862813,True,True,False,35.21416115906094
DeJon Jarreau,MEM,11,230.7333333333333,13.973158894363264,0.3238499465474525,9.721580434367167,2851228.8000000003,2851228.8000000003,0.014484286182981422,True,False,False,35.06144134960546
Jeff Green,HOU,30,174.81666666666666,16.02677866220001,0.281890264486238,10.847735058387487,3634153.0,3899853.337696268,0.019811314972284243,False,False,False,35.06116071274801
Garrett Temple,TOR,22,72.93666666666667,16.54891454083403,0.1820797361131389,10.457852894107994,3634153.0,3704591.4738606205,0.018819381699016986,False,False,False,34.414188372750786
Tyus Jones,DEN,67,978.5783333333334,15.935307961229505,0.6669395274935602,13.546968421633276,7814552.0,8267997.216001139,0.04200155309761677,False,False,True,33.65938076167568
Isaac Okoro,CHI,63,1694.89,15.666510605458633,0.877726919636481,14.804493975833909,11000000.0,11000000.0,0.05588016928448381,False,False,False,33.28589538211014
Maxi Kleber,LAL,43,461.01,19.90311600095537,0.45776631592986394,15.046653039802385,11000000.0,12598332.2002332,0.06399972145919951,False,False,False,32.261492358926205
Terance Mann,BKN,63,1529.0166666666669,17.458219032676187,0.8336711436517255,16.151506510163966,15500000.0,15500000.0,0.07874023853722718,False,False,False,32.207058231068274
Nikola Topić,OKC,10,160.08333333333334,16.392706261192636,0.26975016499559645,11.005859292062427,5182920.0,5216065.395931542,0.026497692483962967,False,False,False,32.129799283790646
Gabe Vincent,ATL,53,879.0783333333334,17.352188127272473,0.6321242445959976,14.479635935417749,11500000.0,11500000.0,0.058420176979233074,False,False,False,32.052913710080055
Jordan Poole,NOP,39,933.2366666666668,24.500238149264803,0.6513052163528901,20.65584079092255,31848215.0,32349229.007649504,0.16433458119727168,False,False,False,31.837914824072126
Ben Saraf,BKN,44,916.3183333333334,10.527421376327606,0.6453745682418338,8.84744026843146,2884560.0,2884560.0,0.014653609191931875,False,False,False,31.779269019095693
Brooks Barnhizer,OKC,40,347.88166666666666,11.076200042536295,0.39765315326680145,8.07392866630276,2291166.0,2305818.2817668202,0.0117135923567625,True,True,False,31.36535784734408
Zach LaVine,SAC,39,1224.263333333333,26.378221173023025,0.7459781051299919,23.36293059647086,47499660.0,48834248.85375871,0.2480787357116951,False,False,False,31.176535733008972
Andre Jackson Jr.,MIL,48,408.10833333333335,10.74656840284351,0.43070150670596435,7.9934660629244645,2291166.0,2291166.0,0.011639158539895784,True,False,False,31.122140353574718
Bogdan Bogdanović,LAC,23,452.06,21.30836748081382,0.45330102380407017,16.066199272038418,16020000.0,17032581.534973633,0.08652577632055451,False,False,False,30.996959691910423
Leaky Black,WAS,15,433.07666666666665,11.028799517402648,0.4436812259979346,8.267811815596442,2673027.0,2673027.0,0.013579018296545082,True,True,False,30.499556776613254
Doug McDermott,SAC,29,439.1983333333333,12.366584486107001,0.4468060049513727,9.288080361467843,3634153.0,3736261.101124382,0.018980263892896577,False,False,False,30.47383094308749
Rayan Rupert,MEM,64,1072.545,8.835106243226182,0.6982266498390437,7.635316418705327,2221677.0,2221677.0,0.011286153350494921,False,False,False,30.049886360694096
Caleb Martin,DAL,58,856.2116666666667,15.026095266519901,0.6238486364592947,12.482656466082602,9594044.0,9594044.0,0.04873789116752602,False,False,False,29.4415409884973
Dariq Whitehead,MEM,6,182.81666666666663,12.735891687057887,0.28826807809482624,8.656848386635263,3394530.0,3394530.0,0.01724426464011444,False,False,False,29.37250927555285
Chris Paul,LAC,16,227.535,12.922462273943708,0.32159757461772004,8.977478887094216,3634153.0,3863858.132526157,0.01962845877607192,False,False,False,29.11059607331433
AJ Johnson,DAL,48,453.4333333333333,10.638145276407263,0.4539890533989345,8.02430057880441,3090480.0,3090480.0,0.01569968596093741,False,False,False,28.135343796613782
Jordan Hawkins,NOP,51,691.975,11.54809152888146,0.5608333896168192,9.265900232971344,4741216.0,4815801.518506829,0.024464345826785073,False,False,False,27.816836194827506
Trevon Scott,BKN,6,182.235,11.41801586212044,0.2878091223521084,7.758702830091943,3029430.6,3029430.6,0.015389554069417761,True,False,False,27.394720975990914
Khris Middleton,DAL,63,1439.0866666666666,19.167274410628604,0.8087832237567141,17.517977420651732,35086419.0,35086419.0,0.17823954848239357,False,False,False,26.24456703129264
Tre Mann,CHA,53,668.4583333333334,13.011905490260233,0.5512210962669126,10.384144583631347,8000000.0,8000000.0,0.040640123115988226,False,False,False,26.100170657661465
Gary Harris,MIL,48,660.7683333333333,9.785783632009714,0.5480412780295316,7.795537013298527,3634153.0,3634153.0,0.018461553167792244,False,False,False,25.82611207652208
Adama Bal,MEM,8,241.315,7.542012629208493,0.3311927480541148,5.272143895901552,1272870.0,1272870.0,0.006466199188830991,True,False,False,25.215463378430186
Gary Trent Jr.,MIL,65,1377.381666666667,8.377552759757062,0.7912537998376854,7.590600722390693,3697105.0,3697105.0,0.018781350296591958,False,False,True,24.99646751401936
James Wiseman,IND,4,58.461666666666666,7.616615480579587,0.1630137566234361,4.747864410329246,1000000.0,1004457.2783447801,0.00510265843208529,False,False,False,24.670412401734236
Jahmai Mashack,MEM,31,673.1516666666666,7.6199269440125565,0.5531528091793716,6.087702616876865,2049320.7000000002,2049320.7000000002,0.010410580694017898,True,True,False,24.645865310871237
Dorian Finney-Smith,HOU,37,620.3116666666666,14.299837607080452,0.5309989157096731,11.281849902777106,12700000.0,13628522.901689226,0.0692331060767144,False,False,False,23.53300340204409
Isaac Jones,DET,7,35.68333333333333,9.319909847695113,0.12735657411259524,5.660078721390622,2158057.0,2158057.0,0.010962962771415025,False,False,False,22.50373311105258
Patrick Williams,CHI,72,1473.78,12.232605388036793,0.8184741901856161,11.233365268395366,18000000.0,18000000.0,0.09144027701097351,False,False,True,21.257814846598176
Brandon Clarke,MEM,2,20.438333333333333,16.05739076281198,0.09638543206912295,9.52802926550596,12500000.0,12500000.0,0.0635001923687316,False,False,False,20.485128564530417
Drew Peterson,CHA,6,64.26833333333333,4.333236934226932,0.17091775445482188,2.716562520668256,209114.0,209114.0,0.002,False,False,False,19.591427527255334
Yang Hansen,POR,43,299.8933333333333,5.571780442538776,0.36920881830632307,3.9901969562697372,1272870.0,1281681.1484785005,0.006510959958700931,True,False,False,19.038180948916544
Trey Jemison III,NYK,13,81.58833333333334,8.113631978188646,0.19257623441278018,5.165619300200564,2456639.1,2962575.783049826,0.01504993057044877,True,True,False,18.381976143993086
Drake Powell,BKN,63,1319.513333333333,5.981968027057782,0.7744538642674512,5.374823629397438,3372240.0,3372240.0,0.017131031097082517,False,False,False,18.27876575896626
Alex Morales,ORL,4,23.58333333333333,7.735934007826584,0.10353596944877161,4.615190046496043,2851228.8000000003,2881378.099049141,0.014637445086133651,True,True,False,16.583783428980354
Javonte Cooke,POR,19,93.665,3.9380565475438454,0.2063371028196335,2.5315863315911535,636435.0,640840.5742392503,0.0032554799793504657,False,False,False,15.395165356274836
Toby Okani,MEM,6,217.09,2.9804698950635817,0.3141293885125566,2.060572375812353,73153.0,73153.0,0.002,False,False,False,14.86052835458446
Hunter Dickinson,NOP,5,42.47833333333333,5.923577120311169,0.1389544289806314,3.62836569049515,2380266.9,2417711.6063624904,0.01228201216769066,True,True,False,13.863522587081153
Kobe Bufkin,LAL,16,119.48333333333332,7.635493481022608,0.23304636032473464,5.000262198828436,5612215.0,6427686.268102888,0.03265274516083103,False,False,False,13.568372539763342
Markelle Fultz,TOR,5,35.766666666666666,3.0105922453965688,0.12750519894332057,1.8285655084020416,188932.0,192593.94866958953,0.002,False,False,False,13.187330813901125
Nigel Hayes-Davis,PHX,27,195.2133333333333,5.16987544967318,0.2978814081699852,3.5364358978756862,3220361.0999999996,3230944.4721713103,0.016413247641245455,True,False,False,12.208282870066471
Max Shulga,BOS,11,36.275,3.3189601657522725,0.12840808527361647,2.017209685156394,681847.0,681847.0,0.003463793253283403,False,False,False,12.003688969966017
Bismack Biyombo,SAS,25,141.35333333333332,4.943737840405669,0.2534788258445173,3.2829656006042307,3634153.0,3644958.9799685245,0.018516447712330963,False,False,False,10.86495726367314
Dario Saric,SAC,5,41.248333333333335,6.098369781378365,0.13692787307280582,3.7298699412771263,5426400.0,5578864.521978394,0.028340717627577592,False,False,False,10.635472016231388
Kyle Lowry,PHI,14,118.04,4.782828325803838,0.23163450834136406,3.1290962186700364,3634153.0,3765643.3855296983,0.019129526349854205,False,False,False,10.238334576476314
Bradley Beal,LAC,6,120.91666666666669,8.572012935128015,0.23444001623468896,5.618937397574327,24737010.0,26300570.5216266,0.13360730300245446,False,False,False,9.311518281232289
Johni Broome,PHI,11,54.76166666666666,3.1028831159355903,0.15777093099385153,1.926880854849392,1272870.0,1318924.7937935432,0.006700158250062373,False,False,False,9.101898044009827
Darius Brown II,CLE,1,2.6666666666666665,2.03738492118363,0.034815531191139566,1.1524813938733185,167291.0,219497.9803298117,0.002,False,False,False,8.311517048768348
Tosan Evbuomwan,CHA,5,7.713333333333333,1.9930807887511583,0.059211997146360516,1.149300866102337,254154.0,254154.0,0.002,False,False,False,8.288579575822473
Jahmyl Telfort,LAC,8,32.03333333333333,1.1267183949276478,0.12066733634503606,0.6808762655972994,144771.0,153921.58935079075,0.002,False,False,False,4.910374015318579
Noa Essengue,CHI,2,6.033333333333333,0.3480455201456595,0.0523681605789648,0.1996269627396125,5429520.0,5429520.0,0.027582045157590048,False,False,False,0.5746545003679737
Chucky Hepburn,TOR,2,13.233333333333333,0.19835297822818457,0.0775574078676661,0.11601682230089584,2049320.7000000002,2089041.378397134,0.010612362351556659,True,True,False,0.46654508359010943
