team,TEAM_PERF,TOP2_WPS,ROT8_WPS,perf_minutes,n_players,payroll,tax,total_expenditure,TITLE_SCORE,TeamR_raw,TEAM_R_VALUE,conference,pred_seed
NYK,60.90878668068941,88.61082623940393,66.22867558551154,1198684.9218759676,12.0,214732999,46373244.5,261106243.5,3.795182795758259,0.004590793792627053,95.42612345002091,East,1
CLE,55.396434431476685,89.50425643698017,62.0457394456211,1090201.8296114611,13.0,184163170,0.0,184163170.0,2.400832055342468,0.005919760338679341,123.05056737259638,East,2
BOS,55.250846759643785,78.3465138723983,63.84806993406721,1087336.6642297897,15.0,202730990,5048970.0,207779960.0,2.4749749124579177,0.005233116149554508,108.77769951630125,East,3
TOR,54.95748348187774,84.87757516877332,62.228585255942946,1081563.274923354,13.0,201937062,889062.0,202826124.0,2.2854335733739273,0.0053324653333283335,110.84281241479081,East,4
DET,54.43647749342859,91.70505122247339,63.97954380017641,1071309.8770706747,16.0,140098210,0.0,140098210.0,2.6715018243438324,0.00764684914297388,158.95054391095633,East,5
ORL,54.431699838114945,76.06338793324046,60.24331305216492,1071215.852814102,14.0,223470383,54800819.25,278271202.25,1.6898509833351747,0.003849539025787215,80.018097717744,East,6
PHI,51.58904232725263,83.16345881341886,56.691354590818925,1015272.3530003317,14.0,203231536,2183536.0,205415072.0,0.858998151169325,0.004942540696333771,102.73767891787651,East,7
IND,51.340540912155426,82.16295795373489,55.19451194592407,1010381.8451512189,14.0,207667496,6753620.0,214421116.0,0.5430731375188411,0.0047121377968726685,97.94842971166544,East,8
MIA,49.512477734041795,86.14451455392523,53.93290947619392,974405.5618059426,12.0,198993923,0.0,198993923.0,0.17806826827090622,0.004896659893508118,101.78398172471171,East,9
ATL,48.34530518372396,75.27836136445049,58.344292987492445,951435.6060156875,16.0,190813774,0.0,190813774.0,0.5961071168873144,0.0049861998223235575,103.6451954247413,East,10
CHA,47.23256051485226,75.34420362546132,55.70696960586552,929536.7909322924,17.0,168593651,0.0,168593651.0,-0.005429847984527697,0.005513474472014918,114.60534264248888,East,11
MIL,43.98474161017099,76.0097593216066,55.61776434480234,865619.7148881654,18.0,166950510,0.0,166950510.0,-0.4031874316511206,0.005184888113777941,107.77521177591136,East,12
CHI,41.72457102085865,66.11230421040224,48.519943344875756,821139.5576904983,15.0,164679749,0.0,164679749.0,-2.1380861843534333,0.004986281328923438,103.64688965436989,East,13
BKN,36.184311692633536,72.6745196889362,38.896078829098364,712107.2541110279,16.0,164433666,0.0,164433666.0,-4.38444505975626,0.004330665802409513,90.01899631066405,East,14
WAS,32.54026758073149,64.16062684696963,29.001514062402936,640392.4659887955,14.0,183092856,0.0,183092856.0,-6.755279957177578,0.003497637646707502,72.70333126140159,East,15
HOU,60.52017326275004,87.09920381580756,65.72728241010758,1191037.0098109206,13.0,198466981,0.0,198466981.0,3.628179245089187,0.00600118469989182,124.74308755448303,West,1
DEN,59.21043086050358,92.88925664466689,64.77102269970372,1165261.2793347104,12.0,219458700,72566725.0,292025425.0,3.417284733310839,0.003990273378883741,82.9434597267753,West,2
SAS,58.85416164522694,85.90436776604452,63.46831745936302,1158249.9011780657,13.0,197866959,0.0,197866959.0,3.0006080600325427,0.005853680205284126,121.67699860610269,West,3
OKC,58.00687126879661,93.5746207449585,71.56852198669728,1141575.226569917,16.0,233654060,108405845.0,342059905.0,4.489298201906088,0.003337354685197369,69.37162385677684,West,4
MIN,56.52943632918052,83.45996360940109,60.954917362385395,1112499.3069582728,13.0,219061196,70178328.0,289239524.0,2.2222483611159873,0.0038462907543654816,79.95057781515388,West,5
LAL,52.75075585000718,88.51423377113179,58.69633202500714,1038134.8751281411,13.0,192193656,0.0,192193656.0,1.4648920231829194,0.00540150438226817,112.27788641388561,West,6
GSW,52.721196686543294,78.60526278230031,56.6450365502571,1037553.150791172,10.0,184310940,0.0,184310940.0,0.8957152676344159,0.005629362808258544,117.0142451504958,West,7
POR,46.89793841067173,74.35857919465775,49.496553601359444,922951.4279220194,13.0,190649833,0.0,190649833.0,-1.16684761778257,0.004841081753908588,100.62871171039198,West,8
PHX,45.599081142830514,74.84689247653503,52.02518031774591,897389.9168909047,18.0,214091364,42844252.0,256935616.0,-0.8669590918999388,0.0034926645471015766,72.59995837245012,West,9
DAL,43.87636040488979,70.78379212875646,50.204807037115216,863486.7727682309,14.0,177843285,0.0,177843285.0,-1.4822005941842566,0.004855324016131567,100.92475721678791,West,10
NOP,42.591067127719455,71.01418384139998,48.16799100582047,838192.2010735191,14.0,192207165,0.0,192207165.0,-1.9949772423092824,0.004360879060223999,90.64702148458123,West,11
LAC,40.63966251866822,65.79085765638146,44.46392537262843,799788.5583673907,13.0,136337475,0.0,136337475.0,-2.995542365932102,0.005866241533132329,121.93810352087014,West,12
UTA,37.588186782618386,60.5091920534327,39.43360132930202,739735.5158819297,14.0,174730179,0.0,174730179.0,-4.3662950687188395,0.004233587581238211,88.001088572643,West,13
SAC,37.07746259771239,57.938375414487936,38.98686275567594,729684.4639229798,14.0,219297050,34977487.5,254274537.5,-4.560082491725022,0.002869671777194678,59.65017503321928,West,14
MEM,33.089065829479345,64.5765893505762,35.699930936722126,651192.8155241534,22.0,157943284,0.0,157943284.0,-5.492915757255053,0.0041229534997141975,85.70140315914314,West,15
