nn,PLAYER_NAME,team,salary,CPI_proj,MIN_proj,AGE_proj,has_history,MIN_raw,PS_proj,WPS_proj,payroll,total_expenditure,cost_index,R_raw,R_VALUE_proj
mamadi diakite,Mamadi Diakite,MEM,464050,0.8156014257677685,547.2610001359308,30.0,True,600.0,79.26359331268434,62.22230403274843,157943284,157943284.0,0.002256787630593765,207.23422842594275,429.46696715470057
neemias queta,Neemias Queta,BOS,2667944,0.9099591173793338,1652.24806219418,27.0,True,1554.1158333333335,81.85779646494733,75.98192803362011,202730990,207779960.0,0.013297994299816367,136.0261173675922,281.89708101509734
moussa diabate,Moussa Diabate,CHA,2461462,0.45406042627261145,1488.4395590823708,25.0,True,1668.5435000000002,67.51073322528104,63.5880353238714,168593651,168593651.0,0.011970686337197695,118.10570632203856,244.7592749665668
ryan kalkbrenner,Ryan Kalkbrenner,CHA,2411090,0.42694144932384165,1319.472992917539,25.0,True,1479.131666666667,66.52890128162056,61.138829425400644,168593651,168593651.0,0.011725715091581341,114.3814225708068,237.04116363132178
jalen duren,Jalen Duren,DET,8966189,1.6365136367489361,1901.947765935517,23.0,True,1996.046583333333,94.91339329758529,92.88546367238241,140098210,140098210.0,0.043604750412166535,109.7357317524214,227.4135516230892
kel el ware,Kel'el Ware,MIL,4654920,0.7063495999249844,1291.7213145460364,23.0,True,1605.354416666667,76.00146223258871,71.01598547473303,166950510,166950510.0,0.022638004261186357,105.53582569609218,218.70977266704213
leonard miller,Leonard Miller,CHI,2406205,0.5682992632315075,537.2585249676187,23.0,True,478.18833333333333,71.50841103911061,54.33192412062427,164679749,164679749.0,0.011701958152511304,101.71891957960081,210.79971308752837
ryan rollins,Ryan Rollins,MIL,4000000,0.4180674530911537,1473.2010820557218,24.0,True,1830.8979166666666,66.20510997913394,63.591264548743624,166950510,166950510.0,0.01945296955581308,99.6528069572209,206.51795360950547
ajay mitchell,Ajay Mitchell,OKC,2850000,0.6083050337980553,1202.0077514829875,25.0,True,1166.2531666666666,72.85074084746664,63.93676124539325,233654060,342059905.0,0.020290820772548897,98.72631116746602,204.59790719666196
payton pritchard,Payton Pritchard,BOS,7767857,0.7794053615100074,2610.9701788983743,29.0,True,2455.8964166666665,78.21295167345386,78.21295167345386,202730990,207779960.0,0.03871779846495604,96.32679024212732,199.62520079455462
cam spencer,Cam Spencer,MEM,2411090,0.18727942038701545,1096.9652926120516,27.0,True,1202.6787499999998,57.42792211679005,50.692647151810114,157943284,157943284.0,0.011725715091581341,94.83820919696979,196.5403031322158
kon knueppel,Kon Knueppel,CHA,10516560,0.9061289306575852,2275.4169992356565,21.0,True,2550.7466666666664,81.7566192962974,81.7566192962974,168593651,168593651.0,0.0511445803779704,91.34403670700975,189.2990685476752
nikola vucevic,Nikola Vucevic,ORL,3876529,0.350829570732935,1983.2480971595446,36.0,True,1979.1644166666665,63.71418943626579,62.23712852561262,223470383,278271202.25,0.023475629356648806,91.32099905971167,189.25132591080177
jay huff,Jay Huff,IND,2667944,0.13867452162949614,1370.4100757566514,29.0,True,1379.3192499999998,55.514632383409165,50.31371975156804,207667496,214421116.0,0.01339681780441309,89.84067182623836,186.18353323878435
paul reed,Paul Reed,DET,5602689,0.8242608495760257,703.7292626115918,28.0,True,738.54625,79.5104320601417,64.461445679847,140098210,140098210.0,0.027247234636922208,89.7789108606416,186.05554137766734
donovan clingan,Donovan Clingan,POR,7519920,0.6513373013345387,2067.227370488001,23.0,True,1824.1390000000001,74.25856127688793,71.27043716684946,190649833,190649833.0,0.03657119370553748,89.54634570415624,185.5735792366626
zach edey,Zach Edey,MEM,6332760,0.9799386516810809,620.248591656282,25.0,True,680.0213333333334,83.64417988698094,66.93087466840397,157943284,157943284.0,0.030797746871067712,89.3062825907877,185.07607851968552
brandin podziemski,Brandin Podziemski,GSW,5679458,0.3838397793508583,3184.130936068095,24.0,True,2116.9595833333333,64.94513987044583,64.3882703471574,184310940,184310940.0,0.027620580891879763,89.25086181857846,184.96122591479076
victor wembanyama,Victor Wembanyama,SAS,16868013,2.2605636017556345,1583.4215204445072,23.0,True,1747.2100833333334,98.81068530980987,93.97164090024782,197866959,197866959.0,0.08203323583901481,88.98924205724563,184.41905174645592
tyler smith,Tyler Smith,HOU,85300,-0.37400203567535223,297.40038989557155,22.0,True,300.0,35.42014008311973,25.3669661479787,198466981,198466981.0,0.002,88.13434337128764,182.64738135845283
javale mcgee,JaVale McGee,DAL,2208856,0.19082044021255667,609.9701763946656,39.0,True,600.0,57.56668630196551,45.190127113068264,177843285,177843285.0,0.010742202130293765,87.17622189037837,180.66179466412484
amen thompson,Amen Thompson,HOU,12258119,0.9158585749946595,2675.059753202928,24.0,True,2698.44275,82.01294617895243,82.01294617895243,198466981,198466981.0,0.05961420392963347,86.84546477444731,179.97634199290016
luka garza,Luka Garza,BOS,2801346,0.24563647964913077,854.1282926024304,28.0,True,803.3989166666667,59.70181762250073,49.071076503127514,202730990,207779960.0,0.013962917939736884,86.36167617251192,178.9737507453281
thomas bryant,Thomas Bryant,CLE,3286400,0.2887620088609939,991.5637536912828,29.0,True,812.7366666666667,61.36182466543877,50.53218793448667,184163170,184163170.0,0.01598255978705603,84.82600754972357,175.79126997951562
maxime raynaud,Maxime Raynaud,SAC,2150917,-0.08483604751625118,1988.8681543129762,24.0,True,1963.88,46.619586752834195,45.46184140239894,219297050,254274537.5,0.012128850733740088,84.05185196573193,174.1869295513533
oso ighodaro,Oso Ighodaro,PHX,2296271,0.007869796171148913,1413.285281536429,24.0,True,1541.38125,50.31395620233348,46.624223336602505,214091364,256935616.0,0.013402142069997708,83.24109350111603,172.50673424028759
karlo matkovic,Karlo Matkovic,NOP,2296271,0.06163576224700325,929.9471172550099,26.0,True,869.3465833333335,52.457355154161114,43.690524986640796,192207165,192207165.0,0.011167322463724115,83.14616747141967,172.3100119401763
kyle filipowski,Kyle Filipowski,UTA,3000000,0.015590191910159007,1705.9869106858478,23.0,True,1703.1521666666667,50.62193347723951,47.885243463526166,174730179,174730179.0,0.014589727166859811,82.9893441674031,171.98501529620134
stephon castle,Stephon Castle,SAS,10015920,0.5653666619202522,1886.139179376149,22.0,True,2081.24075,71.40878022906745,70.52942936282332,197866959,197866959.0,0.04870984670836484,80.15703521114048,166.11540993838813
deni avdija,Deni Avdija,POR,13125000,0.7573480037150215,2477.3131383515215,26.0,True,2186.0021666666667,77.55793006881449,77.44672122246602,190649833,190649833.0,0.06383005635501167,80.07212400986475,165.9394421150882
cedric coward,Cedric Coward,MEM,6001080,0.33348825455385306,1457.489818273128,23.0,True,1597.9466666666667,63.06171229786967,58.86905205763718,157943284,157943284.0,0.02918470663549969,80.0423477756977,165.87773460143018
payton sandfort,Payton Sandfort,OKC,90700,-0.47086359473737355,309.19729588006516,24.0,True,300.0,31.88690735095343,22.836558450565136,233654060,342059905.0,0.002,79.34275908910627,164.42792472316705
tolu smith,Tolu Smith,DET,2411090,0.22789010447538127,285.85722124169956,26.0,True,300.0,59.01341620912811,42.263845590123886,140098210,140098210.0,0.011725715091581341,79.06920736534221,163.86102305804528
myron gardner,Myron Gardner,MIA,2150917,0.09417917915898964,466.57104413060944,26.0,True,410.505,53.75165880623758,40.011872004536414,198993923,198993923.0,0.010460430729520201,77.90828861810934,161.4551644444654
kevin porter,Kevin Porter,MIL,5390700,0.2755968314297245,1076.8941983816594,27.0,True,1338.3667500000001,60.85711281972761,54.8313549512102,166950510,166950510.0,0.02621628074613039,77.40450588095759,160.41113785738656
jaxson hayes,Jaxson Hayes,UTA,6000000,0.33248156959901276,1168.6569759424012,27.0,True,1166.7150833333335,63.02371728734899,55.316256123948875,174730179,174730179.0,0.029179454333719622,75.21646401203482,155.87669529646774
branden carlson,Branden Carlson,POR,2449421,0.10616992357025216,457.3543138246286,28.0,True,403.5733333333334,54.22762332208714,40.276797514838115,190649833,190649833.0,0.011912128035592308,74.93691335728627,155.2973615986859
trayce jackson davis,Trayce Jackson-Davis,TOR,2406205,0.0003716605505535431,768.8014118595565,27.0,True,660.7991666666667,50.01482711041596,39.843028087331334,201937062,202826124.0,0.011753477998427395,74.47855471404115,154.34747075353545
dylan harper,Dylan Harper,SAS,12989040,0.7331252028451546,1411.909270357246,21.0,True,1557.9566666666667,76.82589650904174,71.34710845082829,197866959,197866959.0,0.06316884991980959,74.0350680016262,153.42840012123241
deandre ayton,Deandre Ayton,WAS,8104000,0.3550106048692443,1794.1696981488617,28.0,True,1694.91725,63.87091767435529,60.35675824217557,183092856,183092856.0,0.039411716320077304,73.87443567175107,153.0955097485249
jaime jaquez,Jaime Jaquez,MIL,5939141,0.14263478374192978,1494.782616028437,26.0,True,1857.7195000000002,55.67106875557033,53.63990850413417,166950510,166950510.0,0.028883482265170315,73.19776618434297,151.6931970382617
derik queen,Derik Queen,NOP,5416080,0.06545820049436368,2164.426057668149,22.0,True,2023.38,52.60954069512523,51.639353607972104,192207165,192207165.0,0.02633970983796203,72.77866660360239,150.8246656800803
tre jones,Tre Jones,CHI,8000000,0.36245283714197596,1635.6143352269926,27.0,True,1455.78275,64.1493169310835,58.76447092399793,164679749,164679749.0,0.03890593911162616,72.25142330131601,149.7320200119132
goga bitadze,Goga Bitadze,ORL,7608696,0.5611078833563246,1134.4518517944591,27.0,True,1132.1159166666666,71.26380028425025,62.19973854592627,223470383,278271202.25,0.046077025912463536,72.0785676535765,149.37379834479714
quenton jackson,Quenton Jackson,IND,2584539,-0.014786362846888612,712.0604895427044,28.0,True,716.6896666666667,49.41013096326643,39.866189391226726,207667496,214421116.0,0.012978007818529924,71.98119576774737,149.17200731437325
pelle larsson,Pelle Larsson,MIA,2296271,-0.22528914638569222,1677.1626745343135,26.0,True,1475.6245,41.087717129377424,37.74086756460228,198993923,198993923.0,0.011167322463724115,71.82354746258136,148.84530095890784
isaiah joe,Isaiah Joe,DET,11323006,0.5580131350164516,1468.5734492433367,27.0,True,1541.2310833333333,71.15822925515461,65.93859301144569,140098210,140098210.0,0.05506652274957221,71.79036141738423,148.7765270392184
ty jerome,Ty Jerome,MEM,9220050,0.7015910117812996,645.3004520476433,29.0,True,707.4874166666666,75.85328707119706,61.07616921872038,157943284,157943284.0,0.0448393379882686,71.45427463412264,148.0800293003822
jaylon tyson,Jaylon Tyson,CLE,3658560,-0.02442266480373749,1602.99865216975,24.0,True,1313.9001666666666,49.02577349085615,44.01348558348732,184163170,184163170.0,0.017792464074528877,71.16070981603015,147.47165300536992
marvin bagley,Marvin Bagley,DEN,3506659,0.1883983169748722,1035.5298930566312,28.0,True,873.4165000000002,57.47177905325203,47.904934197301216,219458700,292025425.0,0.022692759673395558,71.13065870454732,147.4093758429234
luke kornet,Luke Kornet,SAS,10450000,0.5177982769483788,1274.1276824826987,31.0,True,1405.923,69.77004896769617,63.47221199164404,197866959,197866959.0,0.05082088296456167,71.0732219726532,147.29034541422828
collin murray boyles,Collin Murray-Boyles,TOR,6649560,0.2793961695734919,1449.183181393636,22.0,True,1245.6,61.0029594836369,54.207397183649526,201937062,202826124.0,0.03248079742134309,70.99477025442269,147.12776406001646
craig porter,Craig Porter,CLE,2406205,-0.12775011452035792,1129.2883522613238,27.0,True,925.6228333333333,44.917336466046365,37.815425799886384,184163170,184163170.0,0.011701958152511304,70.79712927646649,146.7181779022034
day ron sharpe,Day'Ron Sharpe,BKN,10000000,0.5839674621933182,1084.0668152985843,25.0,True,1071.5551666666665,72.03788982918333,62.24484103817237,164433666,164433666.0,0.0486324238895327,70.7809576118251,146.684664153919
jaylin williams,Jaylin Williams,OKC,7774648,0.6612048074046413,1138.5809077451813,25.0,True,1104.713,74.57595106639874,64.79747703663509,233654060,342059905.0,0.055352276890405526,70.42029130827808,145.93722843967552
adem bona,Adem Bona,PHI,2296271,-0.18995870063615844,1236.9649103592517,24.0,True,1118.7975833333335,42.467074666604574,36.984801761339426,203231536,205415072.0,0.011287305076182204,70.1219274985632,145.31890683595086
sandro mamukelashvili,Sandro Mamukelashvili,LAL,11607143,0.573960994982958,1685.40682050648,28.0,True,1376.3725,71.70029018957736,64.9557125658174,192193656,192193656.0,0.05644834985224223,70.10944932437674,145.2930473837542
mark williams,Mark Williams,PHX,11653333,0.7329403863262784,1219.7442629970158,25.0,True,1330.29825,76.82026052717157,69.1325170237345,214091364,256935616.0,0.06801445667997924,69.9051352054086,144.86963197749333
bones hyland,Bones Hyland,MIN,2625627,0.02839155045020325,916.5783966633048,26.0,True,848.5664166666668,51.13250683748556,42.41317324136505,219061196,289239524.0,0.016859749948061206,69.87792714120413,144.81324667423144
hugo gonzalez,Hugo Gonzalez,BOS,2923560,-0.09437793159943922,1152.3730751863545,21.0,True,1083.93,46.2404472789826,40.0379944954154,202730990,207779960.0,0.014572076556018845,69.41877608866534,143.8617136601271
tristan vukcevic,Tristan Vukcevic,WAS,3000000,0.017874381172244123,651.5593955049698,24.0,True,615.5155,50.71304666939683,39.96309569423716,183092856,183092856.0,0.014589727166859811,69.259564381041,143.53176734899742
saddiq bey,Saddiq Bey,NOP,6557080,0.05967185212060309,2402.1098579842405,28.0,True,2245.575,52.379150473645396,52.379150473645396,192207165,192207165.0,0.03188866940375771,69.04350868429393,143.08401899428188
jarrett allen,Jarrett Allen,CLE,28000000,1.3221149787670952,2185.132071277199,29.0,True,1791.0466666666666,90.69350666578087,86.70541650616083,184163170,184163170.0,0.13617078689069156,68.76286918384845,142.50242880025078
matas buzelis,Matas Buzelis,CHI,5715360,0.018742492532303007,2236.1765176929953,22.0,True,1990.3146666666664,50.74767349694923,49.63213872253216,164679749,164679749.0,0.02779518102012796,68.64529962517734,142.25878062409902
gui santos,Gui Santos,GSW,4629630,0.05201859620422604,1765.0970962123972,25.0,True,1173.5193333333332,52.074306207736186,45.75558809486005,184310940,184310940.0,0.022515012861169727,68.12649006260548,141.18361282454694
cooper flagg,Cooper Flagg,DAL,14517480,0.46396350829426897,2382.8061350457333,20.0,True,2343.858333333333,67.86630547347659,67.86630547347659,177843285,177843285.0,0.07060202411678132,67.7337852792115,140.36978137598572
joan beringer,Joan Beringer,MIN,4411200,0.47920174070381494,339.3090908611907,20.0,True,314.13166666666666,68.41024419885997,49.25827123729024,219061196,289239524.0,0.02832532152163563,67.67918360633806,140.25662625181224
ausar thompson,Ausar Thompson,DET,11118130,0.38720955097646775,1616.8529894266962,24.0,True,1696.84675,65.06994600270592,61.50444147049517,140098210,140098210.0,0.05407016110189302,67.39201457457719,139.6615044224318
josh minott,Josh Minott,BKN,4500000,0.15623864032070844,646.078483476875,24.0,True,638.6218333333334,56.2077539932193,44.541861826339556,164433666,164433666.0,0.021884590750289715,66.98183766855958,138.8114641893955
jalen smith,Jalen Smith,CHI,9428571,0.4292098164027139,1178.3984602170206,27.0,True,1048.8365833333332,66.61147300814794,57.33315406790242,164679749,164679749.0,0.04585342615445552,66.55226637957584,137.9212315282282
scotty pippen,Scotty Pippen Jr,MEM,2461462,-0.1516720725400362,662.8437395001953,26.0,True,726.7213333333334,43.972279259050005,35.557467272422734,157943284,157943284.0,0.011970686337197695,66.04292404762693,136.86568337767847
ivica zubac,Ivica Zubac,IND,19550160,0.725809195787101,1846.809455298443,30.0,True,1858.81575,76.60221256147442,73.81672379267727,207667496,214421116.0,0.09816920129025368,65.6448360825811,136.04069595978135
robert williams,Robert Williams,POR,14000000,0.7891360625194899,882.0225190614246,29.0,True,778.3041666666667,78.49837567490836,64.18461308462958,190649833,190649833.0,0.06808539344534578,64.878258967473,134.45206095862216
nickeil alexander walker,Nickeil Alexander-Walker,ATL,14403710,0.38057791784718326,2079.8250487208734,28.0,True,2417.6504166666664,64.82417653122299,64.82417653122299,190813774,190813774.0,0.0700487330301901,64.87599793901163,134.44737526049528
keyonte george,Keyonte George,UTA,6563608,0.01932206915050612,1902.0972764254366,23.0,True,1898.9366666666665,50.770791071106856,49.150041829830435,174730179,174730179.0,0.031920416650072794,64.76450359912397,134.21631721390636
jalen johnson,Jalen Johnson,ATL,30000000,1.018066348772611,1802.2606660303811,25.0,True,2095.001333333333,84.5676786940519,83.64844662024703,190813774,190813774.0,0.14589727166859812,64.75577614361877,134.19823065612454
jamal shead,Jamal Shead,TOR,2296271,-0.36208199896911936,1998.0295106022893,24.0,True,1717.3436666666662,35.86453775198842,33.98469106816017,201937062,202826124.0,0.011216488485780251,64.57591202583993,133.8254848131759
dylan cardwell,Dylan Cardwell,SAC,2150917,-0.21397532876135422,918.0730094662748,25.0,True,906.5383333333332,41.52831482050614,34.83663146257131,219297050,254274537.5,0.012128850733740088,64.40749649270242,133.4764647271231
onyeka okongwu,Onyeka Okongwu,ATL,16120000,0.43738180428956575,1905.8389006599853,26.0,True,2215.4037499999995,66.90827610865395,66.90827610865395,190813774,190813774.0,0.07839546730992672,64.37468977348247,133.40847691298302
justin champagnie,Justin Champagnie,WAS,2667944,-0.2762986712326082,1444.4367537361074,26.0,True,1364.5313333333334,39.115933820645346,35.37642553801524,183092856,183092856.0,0.012974858352153543,63.880039033818996,132.3833752462474
jaylen wells,Jaylen Wells,MEM,2296271,-0.39417907136546326,1731.748756389583,23.0,True,1898.6356666666666,34.67244180407158,33.564449130140204,157943284,157943284.0,0.011167322463724115,63.8755270007378,132.37402462314907
collin sexton,Collin Sexton,LAL,9500000,0.2172247328295846,2037.3676297994748,28.0,True,1663.798166666667,58.59833945857705,55.16081583876041,192193656,192193656.0,0.04620080269505607,63.86170228677794,132.3453746360248
gg jackson,GG Jackson,MEM,2406205,-0.24041245306348497,844.6631498973007,22.0,True,926.0625,40.50052625589554,34.09976774763369,157943284,157943284.0,0.011701958152511304,63.84076377460645,132.30198219363083
cason wallace,Cason Wallace,OKC,7421121,0.22559650954202812,2047.5421123221236,23.0,True,1986.6365,58.92423720717394,57.60565024725721,233654060,342059905.0,0.052835310927157486,63.63246275827803,131.87030444224155
miles mcbride,Miles McBride,NYK,3956523,-0.03787654100144578,1331.257739859026,26.0,True,1259.732,48.489305859666274,43.18060652643982,214732999,261106243.5,0.02339688700188919,63.43377442375028,131.45854776919202
alperen sengun,Alperen Sengun,HOU,35642202,1.1003094125596586,2375.9749205434755,24.0,True,2396.7435833333334,86.44013337825875,86.44013337825875,198466981,198466981.0,0.17333666760203503,63.00005312187692,130.55971472640388
aaron wiggins,Aaron Wiggins,ATL,9028038,0.19277563889353136,1315.7371961170584,28.0,True,1529.452,57.64326585203581,53.33186178909546,190813774,190813774.0,0.0439055370906809,62.85533340282907,130.2598012454165
jonas valanciunas,Jonas Valanciunas,DEN,10000000,0.5209478435707608,1303.58754231869,35.0,True,1099.5094166666668,69.87984474016928,60.664586114810184,219458700,292025425.0,0.06471333446849425,62.420114210942735,129.35786401329688
anfernee simons,Anfernee Simons,PHI,6064000,-0.028611121004653222,1872.8329165301611,28.0,True,1693.9210833333332,48.85873712186457,46.16487154125888,203231536,205415072.0,0.029807552323732212,62.30667325435368,129.1227718475505
luka doncic,Luka Doncic,LAL,51033600,2.0255344416024696,2579.5708206295753,28.0,True,2106.583583333333,97.85937422086731,96.91428910938626,192193656,192193656.0,0.2481887667808856,62.29471660228099,129.09799318457584
dereck lively,Dereck Lively,DAL,7238897,0.42938323265901257,372.4737134390796,23.0,True,366.3855,66.6177822999121,48.87355510743696,177843285,177843285.0,0.03520451073966666,62.23026694729834,128.96442935166175
baylor scheierman,Baylor Scheierman,BOS,2744040,-0.239638309897633,1130.5553339873056,26.0,True,1063.4080833333333,40.53053314774751,34.97220827061266,202730990,207779960.0,0.01367728418530078,61.995510950566434,128.4779269688092
didi louzada,Didi Louzada,POR,268032,-0.8,1019.9357798058156,,False,900.0,21.18553985833967,17.749689492227596,190649833,190649833.0,0.002,61.66907068492204,127.8014204288021
dru smith,Dru Smith,MIA,2584539,-0.2368833121563843,949.8636165327143,29.0,True,835.7221666666668,40.637365827528726,33.62142748907237,198993923,198993923.0,0.012569239620702896,61.38964740753449,127.22235070463759
simone fontecchio,Simone Fontecchio,MIA,2625627,-0.29673011723194054,1358.1474248511645,31.0,True,1194.9440833333333,38.33362809102549,33.796695766293254,198993923,198993923.0,0.012769060523980209,61.369947777074685,127.1815256893305
vj edgecombe,VJ Edgecombe,PHI,11663880,0.180222580968535,2900.3783012312633,21.0,True,2623.305,57.15110841876745,57.15110841876745,203231536,205415072.0,0.05733372582416453,61.350519176018274,127.14126234849566
ricky rubio,Ricky Rubio,CLE,424672,-0.8,1098.0277067875465,,False,900.0,21.18553985833967,17.749689492227596,184163170,184163170.0,0.002065282871801563,60.97966894242112,126.37272171550609
naji marshall,Naji Marshall,DAL,9428571,0.07507594053398652,2125.858062037242,29.0,True,2091.1101666666664,52.992285476915626,52.394650107826045,177843285,177843285.0,0.04585342615445552,60.81965605295165,126.04111505540905
shai gilgeous alexander,Shai Gilgeous-Alexander,OKC,40806150,2.914712477762815,2450.3739688660994,28.0,True,2377.485833333333,99.8219918152671,99.8219918152671,233654060,342059905.0,0.2905229038834197,60.72258367419009,125.83994471584752
mouhamed gueye,Mouhamed Gueye,ATL,2406205,-0.30000688100378314,819.5838965828422,24.0,True,952.7086666666667,38.20859534827551,32.32940816226473,190813774,190813774.0,0.011701958152511304,60.526339203679775,125.43325264470124
tyrese proctor,Tyrese Proctor,CLE,2150917,-0.24935153205565924,665.0225140005198,23.0,True,545.0866666666667,40.15444365042033,31.079248081730807,184163170,184163170.0,0.010460430729520201,60.515314787340664,125.41040592345365
kasparas jakucionis,Kasparas Jakucionis,MIL,3841680,-0.1291440718117513,760.0792322385495,21.0,True,944.6283333333332,44.862182485506445,37.9027446306698,166950510,166950510.0,0.018683021020794,60.24226829626482,124.84455128976083
isaiah jackson,Isaiah Jackson,LAC,7000000,0.23381341424131746,704.7691378168679,25.0,True,619.7605833333332,59.24350824299771,46.73384735475034,136337475,136337475.0,0.03404269672267289,60.208844642752595,124.77528495661618
dominick barlow,Dominick Barlow,PHI,3415000,-0.22631431137791125,1358.570664886289,24.0,True,1228.7863333333332,41.0478484128875,36.381105130881714,203231536,205415072.0,0.01678641015592769,60.03130563242168,124.40735760746348
yves missi,Yves Missi,NOP,3512760,-0.269662926710497,1634.0865122563318,23.0,True,1527.6003333333333,39.37097922084192,36.41729836182974,192207165,192207165.0,0.01708340333421949,59.72330439457129,123.76906364172136
kevin durant,Kevin Durant,HOU,43902439,1.1629876456831074,2615.661129886157,38.0,True,2638.5249166666667,87.75827425335636,87.75827425335636,198466981,198466981.0,0.21350820232323522,59.46071392637237,123.22487780505865
donovan mitchell,Donovan Mitchell,CLE,50105628,1.397830256682743,2810.4053722766166,30.0,True,2303.552833333333,91.89179769343374,91.89179769343374,184163170,184163170.0,0.24367581401472385,59.44694503202872,123.19634349709344
tj mcconnell,TJ McConnell,IND,11000000,0.32391428131915573,1113.789061542235,35.0,True,1121.0299166666666,62.69985342574731,54.62570006287179,207667496,214421116.0,0.0552354156790937,59.40978610868444,123.11933628533785
sam hauser,Sam Hauser,BOS,10848215,0.1555674928361975,1910.0373130216274,29.0,True,1796.5941666666668,56.18130250602626,53.7461265517057,202730990,207779960.0,0.054071412755733406,58.890550205337114,122.04328494795901
damian lillard,Damian Lillard,MIL,35915403,0.9120242508871197,1683.9924938115976,36.0,True,2092.87,81.91220241779827,81.00353316848015,166950510,166950510.0,0.17466531028593946,58.880131814117526,122.0216941378226
daniel gafford,Daniel Gafford,DAL,17263584,0.5501929258560503,1225.5502146144008,28.0,True,1205.5181666666667,70.8906472437936,62.60426029152847,177843285,177843285.0,0.08395699349405546,58.80593011917425,121.86792042424702
cade cunningham,Cade Cunningham,DET,50105628,1.3120382632900816,2162.7651650729827,25.0,True,2269.7679166666667,90.52463877256436,90.52463877256436,140098210,140098210.0,0.24367581401472385,58.56249807093964,121.36343801196573
josh giddey,Josh Giddey,CHI,25000000,0.6262983367135679,2096.7372828072034,24.0,True,1866.2064166666669,73.44403614450373,70.83372224704821,164679749,164679749.0,0.12158105972383175,58.44860267421008,121.12740407598007
javonte green,Javonte Green,DET,3943679,-0.22928428436728265,1315.0544638137512,33.0,True,1380.11675,40.93239837054573,37.10184445518441,140098210,140098210.0,0.019179066881224845,58.43096071147641,121.09084331916188
tyrese haliburton,Tyrese Haliburton,IND,48924624,1.3111231588175682,2434.564318267968,27.0,True,2450.391666666667,90.50919211479251,90.50919211479251,207667496,214421116.0,0.24567017668939672,58.385698113346486,120.99704225699156
naz reid,Naz Reid,CHA,23275862,0.5197758157727264,1850.8607568473255,27.0,True,2074.818333333333,69.83900813749968,68.93178795462525,168593651,168593651.0,0.11319615871782664,58.31974205428934,120.86035659042047
micah potter,Micah Potter,IND,2801346,-0.2529138160920095,831.8059290192109,29.0,True,837.2135833333334,40.01674063970923,33.11785057694251,207667496,214421116.0,0.014066682797360584,58.134265766444464,120.47598022834514
tobias harris,Tobias Harris,SAS,15044000,0.2586175188240491,1759.4411911966563,34.0,True,1941.4371666666666,60.20348175343205,58.561719531230416,197866959,197866959.0,0.073162618499413,57.723110871357385,119.6239132355271
derrick white,Derrick White,BOS,30348000,0.6836060418293889,2771.601230883856,32.0,True,2606.987083333333,75.28880157667668,75.28880157667668,202730990,207779960.0,0.15126536801777965,57.55177183196509,119.26883454914444
isaiah hartenstein,Isaiah Hartenstein,OKC,23153333,1.1074538373643505,1335.4239797873788,29.0,True,1295.7008333333333,86.59511198735775,77.53252601020347,233654060,342059905.0,0.16484215094390942,57.5105049011388,119.18331400671106
julius randle,Julius Randle,BKN,33333334,0.7361749883782357,2504.5329833865985,32.0,True,2475.627166666666,76.91878942273391,76.91878942273391,164433666,164433666.0,0.16210808287393727,57.390227783950756,118.93405475485288
kawhi leonard,Kawhi Leonard,TOR,50300000,1.493160746882151,2057.032979788267,36.0,True,1768.05825,93.2302442816119,88.88688953507364,201937062,202826124.0,0.24569807781169847,57.336903596464424,118.82354705904562
tyrese maxey,Tyrese Maxey,PHI,40770520,0.9420839124465369,2670.951292975603,26.0,True,2415.795166666667,82.69251598648478,82.69251598648478,203231536,205415072.0,0.20040722430174318,57.284043744971896,118.71400164139345
jalen brunson,Jalen Brunson,NYK,37739521,1.0683085645166337,2629.9225802773003,30.0,True,2488.62225,85.73093267784114,85.73093267784114,214732999,261106243.5,0.22317254527331803,57.1939936165826,118.52738403567751
clint capela,Clint Capela,HOU,7035000,0.04900794694815813,1004.6499919418379,33.0,True,1013.43175,51.954351859867764,44.44282651279141,198466981,198466981.0,0.03421291020628626,57.15737931132895,118.45150547666147
jordan walsh,Jordan Walsh,BOS,2406205,-0.34437739575606663,987.4812986513276,23.0,True,928.8316666666667,36.52812429983076,30.771102831396064,202730990,207779960.0,0.01199339280516744,57.1150397908589,118.36376212661176
jabari walker,Jabari Walker,PHI,2584539,-0.2949202898270453,837.2773154064852,24.0,True,757.2921666666666,38.40273859545731,31.260505729979723,203231536,205415072.0,0.012704284544067699,56.865723337425834,117.8470850220092
kristaps porzingis,Kristaps Porzingis,GSW,20000000,0.6973346174928937,1388.6907638969085,31.0,True,923.26675,75.72032956918677,63.719989563599356,184310940,184310940.0,0.0972648477790654,56.84971206006671,117.81390365626702
luke kennard,Luke Kennard,PHX,6064156,-0.05608096657188765,1473.8193229860854,31.0,True,1607.4019166666667,47.763865327398776,44.64239847814911,214091364,256935616.0,0.03539333129522997,56.736449879933645,117.57918198232088
keldon johnson,Keldon Johnson,SAS,18000000,0.3345993422695962,1708.9762653087882,27.0,True,1885.7521666666667,63.103632943318914,60.99743746748272,197866959,197866959.0,0.08753836300115886,56.464993895369325,117.01662347404582
evan mobley,Evan Mobley,CLE,50105628,1.1733025238756525,2570.0944851229865,26.0,True,2106.581666666667,87.96627447329098,87.11671518052658,184163170,184163170.0,0.24367581401472385,56.3578328936939,116.79454572783388
vit krejci,Vit Krejci,POR,2667944,-0.39585158968189577,1482.6308740151997,27.0,True,1308.2860833333334,34.61072578884935,31.04645873155161,190649833,190649833.0,0.012974858352153543,56.06131669527163,116.18005306696456
ryan nembhard,Ryan Nembhard,DAL,2150917,-0.4479437836431502,1190.3364668949769,24.0,True,1170.88,32.709688427966164,28.72858516116014,177843285,177843285.0,0.010460430729520201,55.938270123223376,115.92505446698556
john collins,John Collins,DET,15640000,0.28434405340691454,1566.1478737371945,29.0,True,1643.6329999999998,61.19266354965727,57.45738981688298,140098210,140098210.0,0.07606111096322915,55.86966955407177,115.78288838466217
josh hart,Josh Hart,NYK,20923760,0.46981309954056666,2440.856445795761,32.0,True,2309.71425,68.07557227078897,68.07557227078897,214732999,261106243.5,0.12373259257551363,55.82889135597146,115.69838067955382
jakob poeltl,Jakob Poeltl,TOR,19500000,0.4927136601455821,1555.4064897423477,31.0,True,1336.9009166666665,68.88925378800799,62.05495009627356,201937062,202826124.0,0.09525074587133439,55.771154948506926,115.57872921079532
giannis antetokounmpo,Giannis Antetokounmpo,MIA,58456566,2.3029020303191863,1678.1804803345328,32.0,True,1476.52,98.935782204658,90.88791078323652,198993923,198993923.0,0.2842884496838445,55.7092789756785,115.45049901160374
scottie barnes,Scottie Barnes,TOR,41754636,0.8730519104512127,2896.3307273454143,25.0,True,2489.450333333333,80.868260802473,80.868260802473,201937062,202826124.0,0.20395693449159336,55.67712209597939,115.38385790843063
mitchell robinson,Mitchell Robinson,BOS,14536000,0.4533845460750525,919.5863889403695,29.0,True,864.9692500000001,67.48640687469097,56.159754091534886,202730990,207779960.0,0.0724526621031516,55.54478861178988,115.10961334690447
austin reaves,Austin Reaves,LAL,41250000,0.8962343509589993,2495.1040959080947,29.0,True,2037.6045833333333,81.49361935379844,80.11417843287732,192193656,192193656.0,0.2006087485443224,55.47841842113546,114.9720694444983
obi toppin,Obi Toppin,IND,15000000,0.49521227810863805,810.8351786509874,29.0,True,816.1065000000001,68.97748577070796,56.84284659722815,207667496,214421116.0,0.07532102138058233,55.461586774036775,114.93718796528229
nikola jokic,Nikola Jokic,DEN,59033114,2.825333137834376,2812.172300721946,32.0,True,2371.9235,99.76384259370234,99.76384259370234,219458700,292025425.0,0.38202296509987504,55.14155333040683,114.27395876097667
peyton watson,Peyton Watson,DEN,6534714,-0.016761994849459422,1918.3710175067454,24.0,True,1618.0478333333335,49.33132446755915,46.17015414263663,219458700,292025425.0,0.042288313273795196,55.13423331825972,114.25878895316917
kobe sanders,Kobe Sanders,LAC,2449422,-0.44581129497096644,1536.7817583290093,25.0,True,1351.4166666666667,32.78667811066525,29.596277359084276,136337475,136337475.0,0.011912132898834697,55.06528552643245,114.11590329536551
al horford,Al Horford,GSW,7000000,-0.04631229293799638,1820.6761826317525,41.0,True,1210.4709166666667,48.15306707378018,42.557385363669724,184310940,184310940.0,0.03404269672267289,54.82816307231532,113.62449672615413
isaiah collier,Isaiah Collier,UTA,2763960,-0.45016273324403366,1632.3977983979526,22.0,True,1629.6853333333333,32.62965527141542,30.583937528145963,174730179,174730179.0,0.01344180743337128,54.54693543099701,113.04168768387179
sion james,Sion James,CHA,2411090,-0.5172781541945521,1644.3148593161354,24.0,True,1843.28,30.248100084015007,29.095791971096464,168593651,168593651.0,0.011725715091581341,54.43378795040553,112.80720371035105
haywood highsmith,Haywood Highsmith,PHX,3018158,-0.21083341653170962,637.6345379968575,30.0,True,695.4278333333332,41.65086309822294,33.44580530930742,214091364,256935616.0,0.017615421832048634,54.26455339884393,112.45648631125633
brandon miller,Brandon Miller,CHA,15104121,0.22355617927933685,1429.6589543574269,24.0,True,1602.6503333333335,58.84486677492634,54.965754325133055,168593651,168593651.0,0.07345500149507926,54.10306319688886,112.12181810617443
daron holmes,DaRon Holmes,DEN,3372120,-0.0035329239288939135,355.68250418556244,24.0,True,300.0,49.859057020330134,35.707736012247175,219458700,292025425.0,0.021822112942789886,53.75087989882646,111.39196235768041
donte divincenzo,Donte DiVincenzo,MIN,12535000,0.16255928261050712,2358.1068188594063,30.0,True,2183.1305,56.45672758833842,56.3591359315156,219061196,289239524.0,0.08049009459414731,53.726879268069794,111.34222405827323
anthony edwards,Anthony Edwards,MIN,48924624,1.3237971644744408,2585.5058742996043,25.0,True,2393.6560833333333,90.7214790940853,90.7214790940853,219061196,289239524.0,0.3141561718183558,53.69654044448274,111.27935064854772
collin gillespie,Collin Gillespie,PHX,10714286,0.12175582636122764,1507.9237799224609,28.0,True,1644.5975,54.84538004803139,51.503810298932144,214091364,256935616.0,0.06253372670324515,53.63354374193899,111.14879787747458
sam merrill,Sam Merrill,CLE,9160715,0.005782726431836388,1690.4090794839826,31.0,True,1385.5462499999999,50.23069612122123,45.56516638531587,184163170,184163170.0,0.044550777501120055,53.428225725860166,110.7233020202634
zion williamson,Zion Williamson,NOP,42166510,1.0107262238055321,1601.072823049605,26.0,True,1496.738,84.39262588874261,77.74004166348784,192207165,192207165.0,0.20506595882622194,53.421879189103905,110.71014961820438
jared mccain,Jared McCain,OKC,4422600,-0.06042762773771512,990.3696747210668,23.0,True,960.9104166666667,47.590752755247316,40.32845797873236,233654060,342059905.0,0.0314870820872543,53.39522403273246,110.65491014713425
kenrich williams,Kenrich Williams,OKC,5000000,-0.006442910391856932,981.0774370984933,32.0,True,951.8945833333333,49.74296684187423,42.082681833908254,233654060,342059905.0,0.03559793117991034,53.375491269055324,110.61401646738662
zach collins,Zach Collins,CHI,8500000,0.211717418637957,518.3961560688537,29.0,True,461.3998333333333,58.38362509834124,44.14280330927884,164679749,164679749.0,0.0413375603061028,53.13447056693539,110.11453126773033
jamison battle,Jamison Battle,TOR,2296271,-0.39378520009182183,814.983266975781,26.0,True,700.4933333333333,34.68698160158702,27.885685351369634,201937062,202826124.0,0.011216488485780251,52.98690402742525,109.80871810810751
chet holmgren,Chet Holmgren,OKC,41250000,1.5111035495642575,1654.2193609485255,25.0,True,1605.0134166666667,93.4618964750359,87.32724967464989,233654060,342059905.0,0.29368293223426034,52.92116269174103,109.67247742881698
bam adebayo,Bam Adebayo,MIA,49488300,0.8927750810386829,2810.573729296665,29.0,True,2472.8379166666664,81.40111832461396,81.40111832461396,198993923,198993923.0,0.24067359831723611,52.88926795100497,109.60637957579269
karl anthony towns,Karl-Anthony Towns,NYK,57078728,1.3716076727249753,2525.711359065751,31.0,True,2390.0100833333336,91.49071980096672,91.49071980096672,214732999,261106243.5,0.33753488839255286,52.8083566173109,109.43870097677953
tyler kolek,Tyler Kolek,NYK,2296271,-0.305114463884953,609.03010117943,26.0,True,576.3081666666667,38.01394877682478,29.662982183656137,214732999,261106243.5,0.013578991734084469,52.71671259441299,109.24878022444645
julian champagnie,Julian Champagnie,SAS,15350000,0.10051053457124577,1947.6562125252997,26.0,True,2149.1210833333334,54.003049009374905,53.72039900768721,197866959,197866959.0,0.0746507706704327,52.57924778134432,108.96390162689282
norman powell,Norman Powell,CHI,22500000,0.3621156473830977,2023.818369335997,34.0,True,1801.3047499999998,64.13671944485732,61.39088617375626,164679749,164679749.0,0.10942295375144857,52.55972605001486,108.9234452852385
jordan miller,Jordan Miller,LAC,4692000,-0.21827386466583049,1146.5059053076855,27.0,True,1008.2155,41.360786824842386,35.348319753770625,136337475,136337475.0,0.022818333288968744,52.38495142224557,108.56124677250345
ja kobe walter,Ja'Kobe Walter,TOR,3811800,-0.3450599939505377,1563.6146690214077,22.0,True,1343.956,36.502463429952044,32.91490182244567,201937062,202826124.0,0.01861932272371038,52.37720850693956,108.54520055089873
dyson daniels,Dyson Daniels,ATL,25000000,0.33735930687597737,2183.0227585482944,24.0,True,2537.6105,63.207697159703145,63.207697159703145,190813774,190813774.0,0.12158105972383175,52.15597119623682,108.08671395063655
bobby portis,Bobby Portis,MIA,14521414,0.1698731678990681,1691.0484401351819,32.0,True,1487.8416666666667,56.744505834375126,52.20870722968707,198993923,198993923.0,0.07062115611233946,52.101819962859004,107.97449230586724
tim hardaway,Tim Hardaway Jr,MIA,6064000,-0.29095367123468385,2427.9848290485716,35.0,True,2136.22325,38.55433761533138,38.30101280075104,198993923,198993923.0,0.029490701846612632,51.88688665120346,107.52906995359298
deandre jordan,DeAndre Jordan,NOP,3876529,-0.1375779313997092,396.82490439993074,38.0,True,370.96558333333337,44.52869989212791,32.71904478917398,192207165,192207165.0,0.01885250015480663,51.839239905497195,107.43032804435973
kyrie irving,Kyrie Irving,DAL,39491282,0.7380263336374155,1833.7702849112939,35.0,True,1803.7966666666664,76.97507765175541,73.70127878403635,177843285,177843285.0,0.19205567661650727,51.82182027907563,107.39422805168446
jose alvarado,Jose Alvarado,NYK,4293333,-0.2506265390537423,1446.432686131508,29.0,True,1368.7188333333336,40.10514306292984,36.29285796560863,214732999,261106243.5,0.02538861193590481,51.8125153227722,107.37494469587257
tari eason,Tari Eason,HOU,13587680,0.12156467246897537,1490.9533267137176,26.0,True,1503.9859166666668,54.83781033932744,50.56422479176129,198466981,198466981.0,0.06608018134353257,51.648244734010476,107.03451448758088
trey murphy,Trey Murphy,NOP,27000000,0.37143250015843415,2321.689645680422,27.0,True,2170.3954166666667,64.48422887388703,64.28832601931214,192207165,192207165.0,0.1313075445017383,51.63781673460943,107.01290376569253
coby white,Coby White,CHA,22693333,0.36227473930651816,1489.6962474628997,27.0,True,1669.95225,64.14266334711685,60.42627590595674,168593651,168593651.0,0.11036317899223208,51.57918802841063,106.89140311963298
jaylen brown,Jaylen Brown,PHI,57078728,0.9795425663607112,2590.5999957247113,30.0,True,2343.119833333333,83.63440164035293,83.63440164035293,203231536,205415072.0,0.2805701140224404,51.50004439806932,106.72738786428418
bennedict mathurin,Bennedict Mathurin,LAC,12256222,0.018012117815170946,2052.888547403832,25.0,True,1805.2711666666669,50.71854068193702,48.569893993010055,136337475,136337475.0,0.05960497835882163,51.43460522410199,106.59177337728403
jake laravia,Jake LaRavia,LAL,6000000,-0.2688640862635575,2219.0941326172347,25.0,True,1812.2035,39.40171373202727,37.76330357563691,192193656,192193656.0,0.029179454333719622,51.348778160398574,106.41390754388154
nae qwan tomlin,Nae'qwan Tomlin,CLE,2411090,-0.40612554375254495,822.9777647219606,26.0,True,674.5549166666667,34.23251790256971,27.357877818835604,184163170,184163170.0,0.011725715091581341,51.182415706125234,106.0691422064763
harrison barnes,Harrison Barnes,SAS,8000000,-0.20163708857562856,1877.5208255219216,35.0,True,2071.7309166666664,42.010022411019825,41.45064091006191,197866959,197866959.0,0.03890593911162616,50.96392012747112,105.61633750228224
andre drummond,Andre Drummond,NYK,3876529,-0.2600709228388725,1123.0470934676985,33.0,True,1062.7080833333332,39.740453329101264,34.2863865374859,214732999,261106243.5,0.022923842720627804,50.729229056773,105.12996967049799
reed sheppard,Reed Sheppard,HOU,11108880,-0.015242260690705528,1610.4461598147368,23.0,True,1624.52325,49.39194532078586,46.26499394254926,198466981,198466981.0,0.0540251761097952,50.708525818753415,105.08706480429856
tristan da silva,Tristan da Silva,ORL,3991200,-0.34785375524696605,1808.3845378674073,26.0,True,1804.6609166666667,36.39750083937413,34.853044564862365,223470383,278271202.25,0.024170058288808548,50.620994115053726,104.90566631813476
de aaron fox,De'Aaron Fox,SAS,49488300,0.7667030205229237,2025.113099491452,29.0,True,2234.5900833333335,77.83709463184121,77.83709463184121,197866959,197866959.0,0.24067359831723611,50.57359209850516,104.80743157941059
jamal murray,Jamal Murray,DEN,50105628,1.0809787055101894,3047.1923805827296,30.0,True,2570.150916666667,86.01467069563145,86.01467069563145,219458700,292025425.0,0.32425022635179507,50.350243197715805,104.34456897332514
olivier maxence prosper,Olivier-Maxence Prosper,MEM,3500172,-0.33482938202614115,769.594066364627,24.0,True,843.7590833333334,36.887689745852825,30.56819967187716,157943284,157943284.0,0.017022184839027347,50.19398171687678,104.02073663747612
paolo banchero,Paolo Banchero,ORL,41250000,0.7856448883767377,2184.128059824539,24.0,True,2179.6307500000003,78.39622206196863,78.23252579540583,223470383,278271202.25,0.24980329334870535,50.17243031771641,103.97607406360672
kevin huerter,Kevin Huerter,DET,8280000,-0.14483611971521956,1519.3763916263295,28.0,True,1594.5474999999997,44.2420131743577,41.28252502619959,140098210,140098210.0,0.040267646980533076,50.14974242979073,103.92905625919961
daeqwon plowden,Daeqwon Plowden,SAC,2449422,-0.34853587106139367,581.1839157150266,28.0,True,573.8819166666667,36.37188896716598,28.364000395598975,219297050,254274537.5,0.013812096804264932,50.10877207435803,103.84415033210168
rudy gobert,Rudy Gobert,MIN,36500000,0.7127006123201047,2573.972490442216,35.0,True,2382.9785,76.19844812471686,76.19844812471686,219061196,289239524.0,0.23437482670014972,49.97058474266747,103.55777440525253
moritz wagner,Moritz Wagner,BKN,9500000,0.17068123316645079,480.28474160124046,30.0,True,474.7415833333333,56.77627899781793,43.09547811327268,164433666,164433666.0,0.04620080269505607,49.89321770042227,103.39744090608518
de anthony melton,De'Anthony Melton,GSW,5477000,-0.16363941559777212,1163.8183159565056,29.0,True,773.7610000000002,43.500750688585995,35.53458748050635,184310940,184310940.0,0.02663597856429706,49.885507021642695,103.38146149064151
tyler herro,Tyler Herro,MIL,33000000,0.5471419211824001,1307.5309470203579,27.0,True,1625.0026666666668,70.78593831977294,66.30859471370898,166950510,166950510.0,0.16048699883545792,49.64814388142129,102.88955612964257
jeremiah fears,Jeremiah Fears,NOP,7896240,-0.24077724190858824,2259.120187974028,20.0,True,2111.903333333333,40.48638845523813,40.11788391265021,192207165,192207165.0,0.03840132908134837,49.55117647254796,102.68860332701921
will richard,Will Richard,GSW,2150917,-0.5811762811760333,2070.8602223431994,24.0,True,1376.805,28.05608258334501,25.418520878970227,184310940,184310940.0,0.010460430729520201,49.49314695047833,102.56834441497571
precious achiuwa,Precious Achiuwa,SAC,5500000,-0.25061322895012544,1563.3771994517633,27.0,True,1543.7349166666665,40.10565764234988,37.176071259847866,219297050,254274537.5,0.03101406471545414,49.48289421444502,102.54709690445242
ryan dunn,Ryan Dunn,PHX,2784240,-0.4505062385461281,1260.323147135778,24.0,True,1374.5550833333332,32.617272843767985,29.54142079884277,214091364,256935616.0,0.01625016386871167,49.30242834971277,102.17310401635574
brice sensabaugh,Brice Sensabaugh,UTA,4861695,-0.3635849713980587,1649.126178354305,23.0,True,1646.3859166666666,35.808397544398204,33.63426901726044,174730179,174730179.0,0.023643601206162167,49.2288133028315,102.02054605736802
miles bridges,Miles Bridges,PHX,22826087,0.291304832621487,2073.7952120863824,29.0,True,2261.757833333333,61.459090412579734,61.459090412579734,214091364,256935616.0,0.13322402315585913,49.11559168217576,101.78590843785561
kyle anderson,Kyle Anderson,TOR,3876529,-0.33573865746220455,1053.306381905732,33.0,True,905.3365,36.853397587296186,30.907950071993348,201937062,202826124.0,0.01893550146881323,48.89455079582966,101.327828902456
malachi smith,Malachi Smith,BKN,2150917,-0.4060116248231865,363.00963941545837,27.0,True,358.82,34.23670294806622,25.052206997659408,164433666,164433666.0,0.010460430729520201,48.779886456524245,101.09020142934826
immanuel quickley,Immanuel Quickley,TOR,32500000,0.4655327244476808,2061.1118130440755,28.0,True,1771.5640833333332,67.92249960869165,64.78531958310192,201937062,202826124.0,0.15875124311889066,48.69257598644055,100.9092614221279
jabari smith,Jabari Smith,HOU,23643411,0.1984330406095087,2338.498588689321,24.0,True,2358.9396666666667,57.86468656433495,57.86468656433495,198466981,198466981.0,0.11498363859464403,48.688694598195255,100.90121773141753
ej liddell,EJ Liddell,PHX,706898,-0.6680186526191495,275.0686012697564,26.0,True,300.0,25.206084303997915,18.051929940484165,214091364,256935616.0,0.004125796748292009,48.67803532092794,100.87912771513584
danny wolf,Danny Wolf,BKN,2941440,-0.48059425261381317,1201.0231551878971,23.0,True,1187.1616666666666,31.54024505237646,27.773217565315075,164433666,164433666.0,0.014304935692562706,48.46667988151075,100.44112005468517
rj barrett,RJ Barrett,TOR,29616071,0.39190049348903755,2066.0693357650002,27.0,True,1775.8251666666667,65.24341308289023,62.26163940290366,201937062,202826124.0,0.14466424884761006,48.34274072435076,100.1842716839237
jericho sims,Jericho Sims,MIL,2801346,-0.4826628459724953,867.0151064653179,28.0,True,1077.5285,31.46675740526974,27.216577236903667,166950510,166950510.0,0.013623624613324687,48.31346832400663,100.12360830272156
asa newell,Asa Newell,ATL,3399480,-0.3036609237913793,430.0546789409225,21.0,True,499.90833333333336,38.069311564398966,29.104347171148447,190813774,190813774.0,0.016532495236398864,48.28103399091094,100.0563922121554
ronald holland,Ron Holland,DET,9069600,-0.13042377596373084,1382.5999048353033,21.0,True,1451.004,44.8115578375124,41.023023886533345,140098210,140098210.0,0.04410766317085058,48.27084428769213,100.03527532924068
mohamed diawara,Mohamed Diawara,NYK,3229046,-0.28950707630821293,670.1578704791981,22.0,True,634.1516666666666,38.60966827649079,30.563430859438856,214732999,261106243.5,0.019094953924418553,48.207846448468345,99.90472020254063
moses moody,Moses Moody,GSW,12500000,-0.020901866856242873,2373.6839499466037,25.0,True,1578.1364166666667,49.166196870716576,45.78013423783121,184310940,184310940.0,0.060790529861915875,48.147265772519866,99.77917434380198
desmond bane,Desmond Bane,ORL,39446090,0.6400886021645978,2568.546861604759,29.0,True,2563.258,73.89425007107509,73.89425007107509,223470383,278271202.25,0.23887910767828927,48.137710362877954,99.7593719548337
stephen curry,Stephen Curry,GSW,62587158,1.0579517487651147,2484.8290872027433,39.0,True,1652.0309166666666,85.49612795558083,80.36218787714499,184310940,184310940.0,0.30437651978971575,48.09445335686498,99.66972723097852
jayson tatum,Jayson Tatum,BOS,58456566,1.182918000110057,1336.9436369028037,29.0,True,1257.5383333333332,88.15791764471591,78.48007607134274,202730990,207779960.0,0.29136858999095905,47.69156800283441,98.83479782563471
trey lyles,Trey Lyles,MIN,3876529,-0.33828835630718096,1457.6848449349122,31.0,True,1349.5216666666668,36.757294867918475,33.171429520725816,219061196,289239524.0,0.024892077056797392,47.684796362946344,98.82076445061033
mike conley,Mike Conley,BOS,3876529,-0.41015289226690943,1338.3821585802336,39.0,True,1258.8914166666664,34.0846897450324,30.34916158317901,202730990,207779960.0,0.019322017458039915,47.67223087495194,98.79472405148918
santi aldama,Santiago Aldama,DAL,17007043,0.1447677095484538,1382.2207155490507,26.0,True,1359.6278333333335,55.75528611746399,50.38950962400299,177843285,177843285.0,0.082709372428351,47.58095125691253,98.60555848255694
jimmy butler,Jimmy Butler,GSW,56832773,1.0276008152263574,2074.51833270191,37.0,True,1379.2370833333334,84.79311797089126,76.84833768745563,184310940,184310940.0,0.2763915507353589,47.57052595536427,98.58395335163038
michael porter,Michael Porter,BKN,40806150,0.5202038494692196,2028.647768482332,29.0,True,2005.2343333333333,69.85392487012459,68.43024995513849,164433666,164433666.0,0.19845019840998548,47.567160875000305,98.57697964429875
wendell carter,Wendell Carter,ORL,18102000,0.14661509465978553,2107.161328624303,28.0,True,2102.8225,55.82820806863642,55.26708701286402,223470383,278271202.25,0.10962276887753368,47.28663918714066,97.99563360208711
walker kessler,Walker Kessler,LAL,29017857,0.6726436501290067,868.4341133642056,25.0,True,709.199,74.94129875902689,60.36496600001316,192193656,192193656.0,0.14112087219898437,47.27866060134413,97.97909898292576
darius garland,Darius Garland,LAC,42166510,0.6091210124275328,1909.353680804946,27.0,True,1679.0493333333334,72.87778846024847,68.73301194010553,136337475,136337475.0,0.20506595882622194,47.232373196580234,97.8831741374386
devin booker,Devin Booker,PHX,57078728,0.8618416872188926,2176.175745478986,30.0,True,2373.417833333333,80.56126792933557,80.56126792933557,214091364,256935616.0,0.3331389116662433,46.71373129563073,96.80835379558697
brook lopez,Brook Lopez,LAC,9187500,-0.23295730594485078,2222.076875789562,39.0,True,1954.0521666666668,40.789727931115316,39.733312924890235,136337475,136337475.0,0.04468103944850817,46.54240020552943,96.45329158311365
joel embiid,Joel Embiid,PHI,57736350,1.234734122136058,1085.113540509917,33.0,True,981.4525833333331,89.1535263890643,75.83071046959796,203231536,205415072.0,0.28380265066067223,46.507876524097156,96.38174557996373
quentin grimes,Quentin Grimes,LAL,13392857,-0.11092009833298143,2618.4091787964267,27.0,True,2138.300583333333,45.58398538906986,45.29429726737472,192193656,192193656.0,0.06513270987158952,46.49978734684026,96.36498177386045
franz wagner,Franz Wagner,ORL,41754636,0.8541252200421765,1373.3373211063838,25.0,True,1370.5094999999997,80.34821943036592,72.72918699714879,223470383,278271202.25,0.2528592869182161,46.444924058440485,96.25128448429516
kris dunn,Kris Dunn,LAC,5684800,-0.4142106703596797,2357.9329508327246,33.0,True,2073.5214166666665,33.93599139925053,33.49052153150642,136337475,136337475.0,0.02764656033272155,46.407125209989665,96.17295110795372
lamelo ball,LaMelo Ball,MIN,40770520,0.7163448765925791,1985.213456815764,25.0,True,1837.9065833333334,76.3110788449999,73.35814222650743,219061196,289239524.0,0.26179680984862985,46.28048955275316,95.91051457871774
marcus sasser,Marcus Sasser,DET,5198462,-0.21912122628439895,553.136105246199,26.0,True,580.5024999999999,41.32778081764732,32.28340105594609,140098210,140098210.0,0.025281380755762795,46.15684839937564,95.65428378344866
jalen williams,Jalen Williams,OKC,41250000,0.977513045140656,1433.8631228767151,26.0,True,1391.2118333333333,83.5842388649785,75.8817297163493,233654060,342059905.0,0.29368293223426034,45.98506627210736,95.29828685297221
anthony black,Anthony Black,ORL,10105996,-0.11952897127911655,1905.9045901451059,23.0,True,1901.9801666666667,45.24281444007976,43.813685889910914,223470383,278271202.25,0.06120026868772952,45.97092766604444,95.26898636380226
isaiah stewart,Isaiah Stewart,MEM,15000000,0.038349384747263154,1238.6200780820977,26.0,True,1357.9846666666667,51.52954418064339,46.55942588453674,157943284,157943284.0,0.07294863583429906,45.93976271162259,95.204400901455
jordan goodwin,Jordan Goodwin,PHX,5826667,-0.2450120148007739,1110.8701240078815,28.0,True,1211.5560833333334,40.322356419327036,35.642683002388885,214091364,256935616.0,0.034007231258230124,45.936466366264604,95.19756963880914
jusuf nurkic,Jusuf Nurkic,UTA,11000000,-0.04706770855206935,1077.7746284427749,32.0,True,1075.98375,48.12296318219336,41.61218035995241,174730179,174730179.0,0.053495666278485975,45.76633173388443,94.84498693501895
liam mcneeley,Liam McNeeley,CHA,2902080,-0.37434637604845866,327.8510793914281,21.0,True,367.52166666666665,35.407331649554166,25.986354106466937,168593651,168593651.0,0.014113518472133506,45.562772270170555,94.42313545719671
khaman maluach,Khaman Maluach,PHX,6316680,-0.043471169780856966,376.86690612300544,20.0,True,411.025,48.26629729875583,35.93459743201963,214091364,256935616.0,0.03686718282411489,45.02212017317221,93.30270174242222
cj mccollum,CJ McCollum,ATL,21000000,0.02869057745136036,1817.1240737708304,35.0,True,2112.279,51.14443143098504,50.680923525092474,190813774,190813774.0,0.10212809016801867,44.45092868407812,92.11897896482381
pascal siakam,Pascal Siakam,IND,48924624,0.48723466398257703,2214.1776575304602,33.0,True,2228.5722499999997,68.69539785598174,68.69539785598174,207667496,214421116.0,0.24567017668939672,44.31404885272491,91.8353126685637
kyshawn george,Kyshawn George,WAS,3108000,-0.5880259947275758,1624.7717851997036,23.0,True,1534.8903333333333,27.825742243229463,25.763072587928402,183092856,183092856.0,0.015114957344866764,44.100384445180225,91.39251996103607
duncan robinson,Duncan Robinson,DET,15992957,-0.08337850954801687,1904.2961624128016,33.0,True,1998.5111666666667,46.67752879493939,45.692559952579956,140098210,140098210.0,0.07777762640710692,44.08425367896988,91.35909096962449
brandon ingram,Brandon Ingram,LAC,40000000,0.3828278275504181,2161.488897234744,29.0,True,1900.7722499999998,64.90762864791633,62.848703372657404,136337475,136337475.0,0.1945296955581308,43.99348809574591,91.17099067342676
og anunoby,OG Anunoby,NYK,42500000,0.48633913068204004,2528.3832474665714,29.0,True,2392.5384166666663,68.66366301969656,68.66366301969656,214732999,261106243.5,0.2513236236918856,43.94226622906231,91.0648397740136
davion mitchell,Davion Mitchell,MIA,12400000,-0.19087324723453816,2284.210146210133,28.0,True,2009.7254166666667,42.43124502100088,41.586867166033265,198993923,198993923.0,0.06030420562302055,43.860309023845325,90.89499373734117
fred vanvleet,Fred VanVleet,HOU,25000000,0.08498776078845915,2093.0031583973455,33.0,True,2111.298333333333,53.38644395102088,52.89715219960018,198466981,198466981.0,0.12158105972383175,43.64820220414844,90.4554289354262
aaron gordon,Aaron Gordon,DEN,31978037,0.596151458791771,1374.800317292811,31.0,True,1159.57375,72.44629750211804,63.51373586682626,219458700,292025425.0,0.20694054040268844,43.50697100627019,90.16274497737017
christian braun,Christian Braun,DEN,21551726,0.18424388468801495,2188.4244408200675,26.0,True,1845.8240833333332,57.30889331420689,55.14198292843354,219458700,292025425.0,0.13946840530113438,43.36636087844075,89.87134810915578
derrick jones,Derrick Jones,LAC,10476190,-0.21331904670570134,1743.1197032916134,30.0,True,1532.8663333333334,41.55390591592263,38.46329200290548,136337475,136337475.0,0.05094825128272836,43.03168434764832,89.17777294182454
devin vassell,Devin Vassell,SAS,27500000,0.12359591287227566,1833.2360443172147,26.0,True,2022.8653333333332,54.918238563534416,53.90246172790339,197866959,197866959.0,0.13373916569621494,43.018496618953705,89.1504430268334
dean wade,Dean Wade,PHI,8705357,-0.24693464483273786,1431.614459317723,30.0,True,1294.85225,40.24794018468324,36.031251570884145,203231536,205415072.0,0.04279112537504428,42.849197472595776,88.79959176311853
d angelo russell,D'Angelo Russell,WAS,5969250,-0.3125846902012998,888.9249920896076,31.0,True,839.7501666666666,37.72981055561439,31.241042173634103,183092856,183092856.0,0.029029909630259306,42.55657479828121,88.1931679430135
rasheer fleming,Rasheer Fleming,PHX,2150917,-0.5505301050750898,617.4388484757425,22.0,True,673.4016666666666,29.097791701832755,23.248116637187472,214091364,256935616.0,0.012553786210239672,42.467213277143514,88.00797738952802
mikal bridges,Mikal Bridges,NYK,33482145,0.27613790463975346,2972.06766520395,30.0,True,2812.3845833333335,60.87789258216591,60.87789258216591,214732999,261106243.5,0.1979965649500506,42.35128313325456,87.76772669505559
jrue holiday,Jrue Holiday,POR,34800000,0.2795923430658738,1901.4832732216453,37.0,True,1677.8849999999998,61.01048588699172,57.53232057761783,190649833,190649833.0,0.1692408351355738,42.28362652285206,87.62751684893978
grayson allen,Grayson Allen,CHA,18125000,-0.014160621101188611,1332.7611065760027,31.0,True,1494.0276666666668,49.435091832193514,45.52155335291067,168593651,168593651.0,0.08814626829977802,42.03710889750521,87.11663996478777
cole anthony,Cole Anthony,MEM,3700000,-0.4713255822899052,706.196919837769,27.0,True,774.2524166666666,31.87041248366038,26.036779002217823,157943284,157943284.0,0.0179939968391271,41.93046949966176,86.89564317714851
justin edwards,Justin Edwards,PHI,2411090,-0.6387221669591625,1148.975622063601,23.0,True,1039.2139166666666,26.150184477712912,22.47036429340907,203231536,205415072.0,0.011851697119430656,41.881677206003545,86.79452726334857
jd davison,JD Davison,HOU,2584539,-0.4747487163845208,297.40038989557155,24.0,True,300.0,31.748304503710774,22.737294762568215,198466981,198466981.0,0.012569239620702896,41.51621786222246,86.0371585738992
myles turner,Myles Turner,MIL,26584164,0.05885000593378105,1612.0381780829084,31.0,True,2003.4450000000002,52.346421076353565,51.26952603079787,166950510,166950510.0,0.12928523323968552,41.40514613526278,85.80697633964029
josh okogie,Josh Okogie,UTA,6000000,-0.3968776497744685,1100.5487208915986,28.0,True,1098.72,34.57288432325767,30.00970834625454,174730179,174730179.0,0.029179454333719622,40.80580115147133,84.56490897256784
ayo dosunmu,Ayo Dosunmu,MIN,18672640,0.0492718984749282,1847.6356542345582,27.0,True,1710.5373333333332,51.964869296173866,49.20013829676472,219061196,289239524.0,0.11990128120641873,40.795769336348854,84.54411929294575
meleek thomas,Meleek Thomas,CLE,1357763,-0.8,1098.0277067875465,,False,900.0,21.18553985833967,17.749689492227596,184163170,184163170.0,0.006603130575752359,40.599009905430435,84.13636003089017
bogoljub markovic,Bogoljub Markovic,MIL,1357763,-0.8,724.169797660838,,False,900.0,21.18553985833967,17.749689492227596,166950510,166950510.0,0.006603130575752359,40.599009905430435,84.13636003089017
ryan conwell,Ryan Conwell,MIA,1357763,-0.8,1022.920402230298,,False,900.0,21.18553985833967,17.749689492227596,198993923,198993923.0,0.006603130575752359,40.599009905430435,84.13636003089017
henri veesaar,Henri Veesaar,ATL,1357763,-0.8,774.2403661607899,,False,900.0,21.18553985833967,17.749689492227596,190813774,190813774.0,0.006603130575752359,40.599009905430435,84.13636003089017
trae young,Trae Young,WAS,49500000,0.5449923658038611,1278.856268731558,28.0,True,1208.1106666666665,70.71206159112103,62.47186360817327,183092856,183092856.0,0.24073049825318688,40.58688433674598,84.11123130940679
jaren jackson,Jaren Jackson Jr,UTA,49000000,0.401011858884146,1720.8138811753365,27.0,True,1717.9545,65.57943035588647,62.14670837161588,174730179,174730179.0,0.23829887705871022,40.51935978721865,83.97129514290448
domantas sabonis,Domantas Sabonis,SAC,45472000,0.5839847223315003,1231.9170651879751,31.0,True,1216.43925,72.038470461265,63.726365957554094,219297050,254274537.5,0.2564130092256602,40.4974125394919,83.92581222249026
ariel hukporti,Ariel Hukporti,PHI,3400000,-0.4391788651491412,441.9747012473645,25.0,True,399.7528333333333,33.02659689245682,24.499834773088537,203231536,205415072.0,0.01671267775407149,40.48873274977318,83.9078244460773
demar derozan,DeMar DeRozan,SAC,25740000,0.05392828337726213,2564.4700204488227,37.0,True,2532.25,52.15038487142177,52.15038487142177,219297050,254274537.5,0.1451458228683254,40.44483524277451,83.81685236419891
anthony davis,Anthony Davis,WAS,58456566,0.7425767508395733,1062.3489572950787,34.0,True,1003.5804166666667,77.11310157095565,65.849390085766,183092856,183092856.0,0.2842884496838445,40.36204607470001,83.64528218876853
jaden mcdaniels,Jaden McDaniels,MIN,25750001,0.10375257894016127,2614.7304829979676,26.0,True,2420.7121666666667,54.131715009555336,54.131715009555336,219061196,289239524.0,0.1653466307370872,40.10980555948656,83.12254533257891
jarace walker,Jarace Walker,IND,8478396,-0.3789915639961333,1674.1324625266043,23.0,True,1685.0161666666665,35.23470641705202,33.25539447366638,207667496,214421116.0,0.042573429759269574,39.61874575347578,82.10488542581119
jase richardson,Jase Richardson,ORL,3132360,-0.46774345167110665,587.9589920855242,21.0,True,586.7483333333333,31.998403192357827,25.035396243524684,223470383,278271202.25,0.018969062883727288,39.57997861223075,82.02454538400332
kelly oubre,Kelly Oubre,IND,8500000,-0.3868230750872192,1739.361319807333,31.0,True,1750.6690833333332,34.94435965408793,33.24689825055324,207667496,214421116.0,0.04268191211566332,39.57335974977175,82.01082862105412
noah penda,Noah Penda,ORL,2150917,-0.6144826168979571,758.8375125023482,22.0,True,757.275,26.94482282646208,21.933479816983827,223470383,278271202.25,0.013025603644114358,39.55172514951126,81.96599362333174
jock landale,Jock Landale,ATL,14000000,-0.13414499233956392,992.7120716157477,31.0,True,1153.958,44.66439611954036,39.121940535013124,190813774,190813774.0,0.06808539344534578,39.544733034286686,81.95150334080311
max christie,Max Christie,DAL,8285714,-0.45644994510233333,2240.0255869264715,24.0,True,2203.4115833333335,32.40332286754102,32.40332286754102,177843285,177843285.0,0.04029543554754356,39.353842346295394,81.55590631297433
lauri markkanen,Lauri Markkanen,UTA,46113154,0.36595376545399605,1456.653440392777,30.0,True,1454.233,64.28002120925214,58.871675735249525,174730179,174730179.0,0.22425944522113003,39.208549851737246,81.2548058265239
shaedon sharpe,Shaedon Sharpe,POR,20089287,-0.09346904908387454,1977.1586361048137,24.0,True,1744.6615833333333,46.27654686395587,43.99671131747426,190649833,190649833.0,0.09769907210224787,39.191844525737444,81.22018613195434
jamal cain,Jamal Cain,ORL,2584539,-0.5170345966863878,492.52298103013817,28.0,True,491.5088333333333,30.256600406493806,23.076699455400952,223470383,278271202.25,0.015651547975470775,39.02256228354296,80.86936989999973
cameron johnson,Cameron Johnson,DEN,23062500,0.0865759111786681,2016.112470856242,31.0,True,1700.4877499999998,53.4495692957903,50.543453459032854,219458700,292025425.0,0.14924512761796488,38.81834345218438,80.4461519653679
alex caruso,Alex Caruso,OKC,19550160,0.18830604086091546,1058.9467147505818,33.0,True,1027.4475833333333,57.46816249279997,49.280409793623186,233654060,342059905.0,0.13918905004724721,38.7837392343716,80.37443906066245
steven adams,Steven Adams,HOU,13000000,-0.1023736261193785,746.1385031412054,33.0,True,752.6605833333333,45.92300584874144,37.34500234634479,198466981,198466981.0,0.0632221510563925,38.740514986335654,80.28486222360934
marcus smart,Marcus Smart,HOU,6064000,-0.48413860251236257,1375.9277779138072,33.0,True,1387.9549166666666,31.414375342465483,28.506291083540493,198466981,198466981.0,0.029490701846612632,38.617848096927446,80.03065046831877
andrew nembhard,Andrew Nembhard,IND,19550160,-0.11887281680868025,1807.1218848668864,27.0,True,1818.8701666666666,45.26880590375676,43.42040545628081,207667496,214421116.0,0.09816920129025368,38.61354517469821,80.02173320125469
john konchar,John Konchar,UTA,6165000,-0.41116099181463833,921.4491210000342,31.0,True,919.918,34.04772446930987,28.6337425840818,174730179,174730179.0,0.02998188932789691,38.56688917560149,79.92504449020616
emanuel sharp,Emanuel Sharp,SAC,1357763,-0.8,911.4514832279358,,False,900.0,21.18553985833967,17.749689492227596,219297050,254274537.5,0.007656318100045302,38.549692066720425,79.889405637247
nic claxton,Nicolas Claxton,CHI,23320738,-0.07484676470785986,2142.39525983362,28.0,True,1906.8444166666663,47.01683166417519,45.556805211897256,164679749,164679749.0,0.1134144015832733,38.51736161012689,79.82240481771339
alex sarr,Alex Sarr,WAS,12370680,-0.26701472235759804,1569.8533978881524,22.0,True,1483.0099999999998,39.472891285156024,36.29393895774183,183092856,183092856.0,0.06016161535617644,38.30975951780712,79.39217549874061
jalen suggs,Jalen Suggs,ORL,32400000,0.2614895287852927,1376.5135278592743,26.0,True,1373.6791666666668,60.314248824132676,54.61969861845286,223470383,278271202.25,0.19620913223025582,38.118404633729355,78.99561648269716
carter bryant,Carter Bryant,SAS,5145360,-0.461613493269738,741.1959524338903,21.0,True,817.865,32.21792582729371,26.559600647396746,197866959,197866959.0,0.0250231328584246,38.11001277899721,78.97822541545894
jaylen clark,Jaylen Clark,MIN,3066667,-0.541057267232893,820.594622173884,25.0,True,759.7048333333335,29.423405555899762,23.96353517130248,219061196,289239524.0,0.01969176840197447,37.39283364712741,77.49196154384742
caris levert,Caris LeVert,DET,14809200,-0.20107106719035434,1247.2970914245616,32.0,True,1309.0070833333332,42.032150249804445,37.70763183129601,140098210,140098210.0,0.07202072918648676,37.372854535541535,77.45055733893204
dalen terry,Dalen Terry,PHI,2584539,-0.6586217110737584,778.0023588243989,24.0,True,703.6797499999999,25.506935876755705,20.52034356546973,203231536,205415072.0,0.012704284544067699,37.328384577727206,77.35839892447956
ja morant,Ja Morant,POR,42166510,0.37901440957639565,1021.3109932155872,27.0,True,901.2135000000001,64.7661418264095,54.27499452266673,190649833,190649833.0,0.20506595882622194,37.29702400894098,77.29340807587715
pat connaughton,Pat Connaughton,CHA,3815861,-0.48774917768618753,360.1477105870953,34.0,True,403.72625000000005,31.28637568430519,23.238653756884887,168593651,168593651.0,0.018557456965553613,37.02257707074082,76.72465119102772
jamaree bouyea,Jamaree Bouyea,PHX,2584539,-0.5663054095425196,403.64750873468404,28.0,True,440.2329166666666,28.559309184769603,21.45659117961458,214091364,256935616.0,0.015084612775865657,36.7545331417344,76.16916374028665
johnny furphy,Johnny Furphy,IND,2296271,-0.671784416226292,547.2507675162277,22.0,True,550.8085,25.086047553246953,19.44583393538769,207667496,214421116.0,0.011530498472440743,36.59459002742244,75.8377016804591
landry shamet,Landry Shamet,NYK,5357143,-0.4630509896545573,1086.0996500007302,30.0,True,1027.74575,32.166390939401346,27.584932914099447,214732999,261106243.5,0.03167944920930869,36.444912066210904,75.52751286397029
egor demin,Egor Demin,BKN,7233720,-0.47272168086285427,1323.483181995516,21.0,True,1308.2083333333333,31.820587823364775,28.54332544688198,164433666,164433666.0,0.03517933373381905,36.35306627082232,75.33717396343705
andrew wiggins,Andrew Wiggins,MIA,30169644,-0.04807577663526368,2256.661857914699,32.0,True,1985.4875000000002,48.08279256609977,47.00086502854581,198993923,198993923.0,0.14672229156042968,36.31360438525337,75.25539415108545
keon ellis,Keon Ellis,BKN,9369000,-0.4399109614364973,1662.165719263387,27.0,True,1642.9819999999997,33.00007982618941,30.983173101150857,164433666,164433666.0,0.04556371794210319,36.045108041242905,74.69896912694661
aaron nesmith,Aaron Nesmith,IND,11000000,-0.3284483562090902,1252.143604690543,27.0,True,1260.2839166666668,37.12863430063227,33.06649168688087,207667496,214421116.0,0.0552354156790937,35.96243519481054,74.52764001354176
zaccharie risacher,Zaccharie Risacher,ATL,13826040,-0.3128638170787373,1395.6112733584991,22.0,True,1622.2999999999997,37.71920641469341,35.32125961431215,190813774,190813774.0,0.06723938379936346,35.8595653754987,74.3144552049936
julian strawther,Julian Strawther,DEN,4826838,-0.48705170779896295,1237.3627204622933,25.0,True,1043.6521666666667,31.311084401466438,26.925685968099852,219458700,292025425.0,0.031236078191923786,35.74984336012769,74.08707007885202
svi mykhailiuk,Sviatoslav Mykhailiuk,UTA,3850000,-0.6381578614950113,1018.948046233972,30.0,True,1017.2549166666668,26.16854621947754,22.40017684084929,174730179,174730179.0,0.01872348319747009,35.575684376889214,73.72614741225254
malik monk,Malik Monk,SAC,20190035,-0.12858811910306078,1625.73238041003,29.0,True,1605.3066666666668,44.8841783918374,41.93964912197908,219297050,254274537.5,0.11385000947223349,35.41158453309149,73.38607105150044
royce o neale,Royce O'Neale,CHA,10875000,-0.45814970914211234,1856.7233698282214,34.0,True,2081.3903333333333,32.34224439741826,31.94448020924788,168593651,168593651.0,0.05288776097986681,35.27432034827145,73.10160823084873
aj green,AJ Green,MIL,10044644,-0.4820897642761137,1654.4513950239636,27.0,True,2056.15625,31.48710903912844,31.016063156236523,166950510,166950510.0,0.04884953848274513,35.21459126850054,72.97782719846332
tidjane salaun,Tidjane Salaun,CHA,8237880,-0.38652480508094633,722.1403482506748,21.0,True,809.5206666666666,34.95540177506932,28.767251917917882,168593651,168593651.0,0.040062807211110364,35.008704252787645,72.5511521608194
scoot henderson,Scoot Henderson,POR,13585465,-0.27201597669851174,1248.5879105161255,23.0,True,1101.7645833333333,39.280486737650364,34.11326325062856,190649833,190649833.0,0.06606940926164104,34.84658793138025,72.21518640163984
dalton knecht,Dalton Knecht,LAL,4201080,-0.6119899486109873,1080.3174782021579,26.0,True,882.2316666666667,27.027220389353836,22.566800312537808,192193656,192193656.0,0.020430870335383804,34.76215764057439,72.04021520501949
toumani camara,Toumani Camara,POR,18080358,-0.31797397516402315,3022.5478576806654,27.0,True,2667.121916666667,37.525233899815255,37.525233899815255,190649833,190649833.0,0.08792916343305036,34.68278956492976,71.87573481490776
gradey dick,Gradey Dick,LAC,7131251,-0.513999653714426,1420.2354782745113,23.0,True,1248.9280833333332,30.36261163862612,26.994025426305573,136337475,136337475.0,0.034681002149465394,34.55196264646005,71.60461242202824
grant williams,Grant Williams,CHA,14265750,-0.17530236709434913,562.0895419745597,28.0,True,630.1034166666667,43.04210259501433,34.038902575246176,168593651,168593651.0,0.06937780011021011,34.18105857649311,70.83596021990921
terrence shannon,Terrence Shannon Jr.,MIN,2801640,-0.5973694929547902,505.5948307392919,26.0,True,468.07866666666666,27.513035849861613,20.84299812824214,219061196,289239524.0,0.017989969574690616,33.56886687599303,69.5672696424499
jalen green,Jalen Green,PHX,36000000,0.08408911334350902,1359.2054191837888,25.0,True,1482.39975,53.35072098596998,49.05006063554092,214091364,256935616.0,0.210113316119882,33.42088445798755,69.26059462676471
taurean prince,Taurean Prince,MIL,3881960,-0.7048357685799553,929.6716184141145,33.0,True,1155.3981666666666,24.045622313500246,21.06666241817328,166950510,166950510.0,0.018878912424221038,33.36114426213358,69.13679055769028
pj washington,PJ Washington,DAL,19813044,-0.2894851826138573,1799.771309741776,28.0,True,1770.3534166666666,38.610505864475606,36.82184927932594,177843285,177843285.0,0.09635563543499626,32.95988945533501,68.30524025713937
will riley,Will Riley,WAS,3688320,-0.7815936737377797,1728.0673716784122,21.0,True,1632.4716666666666,21.722670298160875,20.367955672947325,183092856,183092856.0,0.017937194168024126,32.83753171506234,68.05166917468866
jonathan isaac,Jonathan Isaac,ORL,11524115,-0.23901644825658885,721.5716956076809,29.0,True,720.0859166666667,40.554641423827796,32.745855693928156,223470383,278271202.25,0.0697881667861628,32.81480738358624,68.00457584559052
dejounte murray,Dejounte Murray,NOP,32785071,0.13195248535929183,649.7115750959099,30.0,True,607.37275,55.24890628914672,43.45018671378637,192207165,192207165.0,0.15944174701204258,32.60754286736547,67.57504611077681
ousmane dieng,Ousmane Dieng,MIL,5366667,-0.5944341207042394,689.0485012129138,24.0,True,856.3511666666666,27.611089640909736,22.938044006536543,166950510,166950510.0,0.02609940244179668,32.43193243100855,67.21111548949013
luguentz dort,Luguentz Dort,OKC,17222222,-0.23967313321066472,1986.424714720128,28.0,True,1927.337083333333,40.52918322682002,39.361614524708195,233654060,342059905.0,0.12261509470422759,32.383192985807405,67.11010909749433
max strus,Max Strus,CLE,16660836,-0.17765369318885296,772.0909923509091,31.0,True,632.8455,42.9497477058831,33.98834773011095,184163170,184163170.0,0.08102568387059865,32.32579752317686,66.99116419417595
noah clowney,Noah Clowney,BKN,5413661,-0.6812125914269613,1539.610763509504,22.0,True,1521.8415,24.78684909321917,22.90975954550086,164433666,164433666.0,0.02632794565462315,32.29324837480061,66.92371016332984
nique clifford,Nique Clifford,SAC,3263400,-0.8125321981703031,1905.8703695263698,25.0,True,1881.925,20.824315940293197,20.120459116121033,219297050,254274537.5,0.018402054325893282,32.14932217096269,66.62544114316916
buddy hield,Buddy Hield,ATL,9658536,-0.47566698151576364,1019.0487179377802,34.0,True,1184.5724999999998,31.71558238509002,27.916174437877327,190813774,190813774.0,0.046971801690431164,32.13290715951573,66.5914230891272
tyus jones,Tyus Jones,DEN,3876529,-0.6948882918276665,1656.065742344323,31.0,True,1396.8067500000002,24.356265531573946,22.129279363227887,219458700,292025425.0,0.025086311775381755,31.724992521327536,65.74607112265272
devin carter,Devin Carter,ATL,5158080,-0.5768753865954817,510.5638483493839,25.0,True,593.4945833333334,28.20118193989452,22.102037863430642,190813774,190813774.0,0.025084993301612082,31.68652143132487,65.66634460994257
paul george,Paul George,BOS,54126380,0.17757876468059058,1280.5863142466192,37.0,True,1204.52825,57.04730986036126,50.37126273150331,202730990,207779960.0,0.2697853825678854,31.445864242552318,65.16761274614208
sidy cissoko,Sidy Cissoko,POR,2497812,-0.8442515740430098,1102.4915539087556,23.0,True,972.8479166666668,19.926442017481023,16.922386591958755,190649833,190649833.0,0.012147465198036146,31.27006416698965,64.80328912136768
yanic niederhauser,Yanic Niederhauser,LAC,2880960,-0.8,1023.4471844332058,,False,900.0,21.18553985833967,17.749689492227596,136337475,136337475.0,0.014010806792878814,31.200805193272654,64.6597585780959
nassir little,Nassir Little,PHX,3107143,-0.6833384603552534,550.1372025395128,27.0,True,600.0,24.71964983347562,19.405044652138667,214091364,256935616.0,0.018134781094129956,31.165383660949878,64.58635189149697
joshua jefferson,Joshua Jefferson,BKN,2969520,-0.8,910.50854320805,,False,900.0,21.18553985833967,17.749689492227596,164433666,164433666.0,0.014441495538844515,30.871920185023566,63.97818561542356
dennis schroder,Dennis Schroeder,CLE,14809200,-0.4579205950074205,2243.9615490683764,33.0,True,1839.2663333333333,32.35047450063361,31.103560396093158,184163170,184163170.0,0.07202072918648676,30.827415612344158,63.88595546600126
jarred vanderbilt,Jarred Vanderbilt,LAL,12428571,-0.39479503989881765,1146.565469567202,28.0,True,936.3325,34.64970778996129,29.229560560222247,192193656,192193656.0,0.060443153321315335,30.8026399085253,63.834610924807336
bogdan bogdanovic,Bogdan Bogdanovic,HOU,3876529,-0.7114795755584926,758.8859099643238,34.0,True,765.5194166666666,23.839355151591146,19.439751873715707,198466981,198466981.0,0.01885250015480663,30.79985884607264,63.82884752140587
chris cenac,Chris Cenac Jr.,BOS,2988120,-0.8,956.829101203693,,False,900.0,21.18553985833967,17.749689492227596,202730990,207779960.0,0.014893866860461569,30.54043994095112,63.2912343517506
tarris reed,Tarris Reed Jr.,SAS,3076920,-0.8,815.631378272088,,False,900.0,21.18553985833967,17.749689492227596,197866959,197866959.0,0.014963807771418095,30.4904026935131,63.18753842726362
jaden hardy,Jaden Hardy,LAL,6000000,-0.620376619559593,1103.7483134284862,24.0,True,901.36625,26.750493082704065,22.417965790851746,192193656,192193656.0,0.029179454333719622,30.48290385654999,63.17199802743586
sergio de larrea,Sergio De Larrea,DAL,3182280,-0.8,914.9552645919983,,False,900.0,21.18553985833967,17.749689492227596,177843285,177843285.0,0.015476198989518212,30.13320981861387,62.4473009585915
daniss jenkins,Daniss Jenkins,DET,4000000,-0.7483662295222973,908.9372684052361,25.0,True,953.9069166666667,22.711964315152212,19.221484377045986,140098210,140098210.0,0.01945296955581308,30.121666641630657,62.42337917092174
de andre hunter,De'Andre Hunter,SAC,24910714,-0.19183417169647593,1390.5423680081078,29.0,True,1373.0715833333336,42.39360514509096,38.38769255793539,219297050,254274537.5,0.14046954474621265,30.114481433431205,62.40848872740171
nikola jovic,Nikola Jovic,MIA,16200000,-0.3361436014053997,1056.675354781117,24.0,True,929.69875,36.83812901233375,31.037275627877136,198993923,198993923.0,0.07878452670104298,29.810304332851118,61.77811980689916
cameron carr,Cameron Carr,LAL,3315360,-0.8,1102.0753018938055,,False,900.0,21.18553985833967,17.749689492227596,192193656,192193656.0,0.016123399286640114,29.70421565192105,61.55826431104529
walter clayton,Walter Clayton Jr,MEM,4190520,-0.8056632199643361,1286.5513247112253,24.0,True,1410.535,21.021853113387046,19.1366959623824,157943284,157943284.0,0.020379514495756458,29.50436401767085,61.144096845109445
alex karaban,Alex Karaban,SAC,2948280,-0.8,911.4514832279358,,False,900.0,21.18553985833967,17.749689492227596,219297050,254274537.5,0.016625117585323482,29.38733802532014,60.90157514203524
zuby ejiofor,Zuby Ejiofor,ATL,3453360,-0.8,774.2403661607899,,False,900.0,21.18553985833967,17.749689492227596,190813774,190813774.0,0.016794526736315665,29.28324377399757,60.685852851594596
adou thiero,Adou Thiero,LAL,2150917,-0.8072599885565881,367.3584339646019,23.0,True,300.0,20.97583553725821,15.022337821096835,192193656,192193656.0,0.010460430729520201,29.250434234920572,60.61785919365417
koa peat,Koa Peat,PHX,2926800,-0.8,825.2058038092692,,False,900.0,21.18553985833967,17.749689492227596,214091364,256935616.0,0.017082212600546407,29.109681887770172,60.32616759372047
dillon brooks,Dillon Brooks,PHX,20992727,-0.35390538141307115,1780.5380815973879,31.0,True,1941.92075,36.170489696755496,35.18601664797102,214091364,256935616.0,0.12252365234359393,28.95544669623214,60.00653448850671
labaron philon,Labaron Philon Jr.,PHI,3597120,-0.8,995.0579406924232,,False,900.0,21.18553985833967,17.749689492227596,203231536,205415072.0,0.01768161982433107,28.76041745042374,59.602360818259314
karim lopez,Karim Lopez,MEM,3746760,-0.8,820.8915002038963,,False,900.0,21.18553985833967,17.749689492227596,157943284,157943284.0,0.018221402053234553,28.45930405319015,58.97834103898924
vasilije micic,Vasilije Micic,MIL,666667,-1.190185541166508,631.5632321470061,33.0,True,784.9083333333333,11.698673740578613,9.578739232122706,166950510,166950510.0,0.0032421632137163096,28.103039050697568,58.240026469595946
jayden quaintance,Jayden Quaintance,SAS,3902760,-0.8,815.631378272088,,False,900.0,21.18553985833967,17.749689492227596,197866959,197866959.0,0.018980067865911266,28.05586648175818,58.142267232286684
corey kispert,Corey Kispert,ATL,13975000,-0.4959007337669544,1085.8957708850294,28.0,True,1262.2775,30.99822242196677,27.615138569056068,190813774,190813774.0,0.06796381238562195,27.931043606477942,57.883587466471404
ben sheppard,Ben Sheppard,IND,5031668,-0.7860475789070711,1325.5377949837462,25.0,True,1334.15525,21.59198067483694,19.44212081133159,207667496,214421116.0,0.025266024867199456,27.80307671989233,57.61839213124332
allen graves,Allen Graves,TOR,4065720,-0.8,1047.0976744173672,,False,900.0,21.18553985833967,17.749689492227596,201937062,202826124.0,0.019859633974564188,27.614549871320694,57.22769386436783
bub carrington,Carlton Carrington,WAS,4900560,-0.8880356929553296,2472.951258334745,21.0,True,2336.1490000000003,18.72607760027049,18.72607760027049,183092856,183092856.0,0.023832611121608838,27.332156061637544,56.642468084297306
jevon carter,Jevon Carter,ORL,3506659,-0.758380672681334,677.4326427885303,31.0,True,676.03775,22.41115624091724,17.91663926270932,223470383,278271202.25,0.02123575677214249,27.228265839162727,56.42716861807409
christian anderson,Christian Anderson,CHA,4257480,-0.8,802.8532688384412,,False,900.0,21.18553985833967,17.749689492227596,168593651,168593651.0,0.020705157206120768,27.214503539471888,56.39864797670035
kris murray,Kris Murray,MEM,5315004,-0.7884790141587541,1122.5434356652106,26.0,True,1230.7218333333333,21.520828454416968,19.079816336422176,157943284,157943284.0,0.025848152750256186,27.068301373042107,56.09566230929897
ace bailey,Ace Bailey,UTA,9522960,-0.7122825921032875,1990.9515873823295,20.0,True,1987.6433333333332,23.814490073338668,23.2841575587173,174730179,174730179.0,0.04631246274030643,26.934158729282103,55.81766849129265
zach lavine,Zach LaVine,SAC,48967380,-0.10497075825162386,1728.3542219924682,32.0,True,1706.6391666666664,45.81995060172511,43.36142443660492,219297050,254274537.5,0.2761231804120427,26.850642323866126,55.64459120761179
kyle kuzma,Kyle Kuzma,MIL,20490152,-0.4821595962254166,1489.7599620595863,31.0,True,1851.477333333333,31.48462882251265,30.314019657958216,166950510,166950510.0,0.09964857576249563,26.817345467167076,55.575587644971854
ebuka okorie,Ebuka Okorie,DET,4481280,-0.8,857.5716637250987,,False,900.0,21.18553985833967,17.749689492227596,140098210,140098210.0,0.02179355085276851,26.730870610816755,55.396379342492125
hansen yang,Hansen Yang,POR,4643520,-0.8,1019.9357798058156,,False,900.0,21.18553985833967,17.749689492227596,190649833,190649833.0,0.022582563297952288,26.400203207467445,54.71111258935005
isaac okoro,Isaac Okoro,CHI,11814814,-0.6366092249865613,1651.9245140660369,26.0,True,1470.2996666666668,26.218970739980406,24.06582277696668,164679749,164679749.0,0.05745830426239854,25.814539068117448,53.49739705785524
dailyn swain,Dailyn Swain,CHI,4965480,-0.8,1011.1762223479384,,False,900.0,21.18553985833967,17.749689492227596,164679749,164679749.0,0.024148332817499684,25.787984407098246,53.44236585080822
cam christie,Cam Christie,LAC,2296271,-0.895425439421086,377.9526960480943,21.0,True,332.36441666666667,18.527985334273094,13.431075541975941,136337475,136337475.0,0.011167322463724115,25.56028925438377,52.97049618229418
hannes steinbach,Hannes Steinbach,CHA,5227200,-0.8,802.8532688384412,,False,900.0,21.18553985833967,17.749689492227596,168593651,168593651.0,0.025421140615536533,25.328509917195376,52.49016255330103
kam jones,Kam Jones,CHI,1075459,-1.134757914750524,692.4590947095479,25.0,True,616.325,12.823838202747934,10.107498242607264,164679749,164679749.0,0.005230217796381295,25.084121512912983,51.98369821296431
cameron whitmore,Cameron Whitmore,WAS,5458643,-0.8,952.7029879092773,,False,900.0,21.18553985833967,17.749689492227596,183092856,183092856.0,0.026546704023763044,24.94733676747338,51.70022897034367
nate ament,Nate Ament,MIL,5502000,-0.8,724.169797660838,,False,900.0,21.18553985833967,17.749689492227596,166950510,166950510.0,0.02675755962402089,24.878353057990438,51.55726887769997
jerami grant,Jerami Grant,MEM,34206898,-0.38787960577568836,1491.3513646311221,33.0,True,1635.0714166666667,34.905256556434225,32.73919145939066,157943284,157943284.0,0.16635643634820083,24.207014432014727,50.16600370967476
bilal coulibaly,Bilal Coulibaly,WAS,9240116,-0.7715306784403705,1731.347757420207,22.0,True,1635.5705833333334,22.019622275979618,20.654486218888614,183092856,183092856.0,0.04493692381004533,24.14573166904161,50.03900286356536
klay thompson,Klay Thompson,DAL,17460317,-0.6024066328175833,1688.131518207142,37.0,True,1660.5384166666665,27.34517479790605,25.730551020521624,177843285,177843285.0,0.08491375375896139,24.073759363494794,49.88984928011971
yaxel lendeborg,Yaxel Lendeborg,GSW,6096240,-0.8,1353.6951130398854,,False,900.0,21.18553985833967,17.749689492227596,184310940,184310940.0,0.029647492781232482,24.001153374080143,49.73938246627328
dalano banton,Dalano Banton,BOS,2801346,-0.916767719568575,459.3345809662605,27.0,True,432.05324999999993,17.96321857038731,13.462004331077479,202730990,207779960.0,0.013962917939736884,23.692189809599316,49.09909419919145
brayden burries,Brayden Burries,MIL,6417360,-0.8,724.169797660838,,False,900.0,21.18553985833967,17.749689492227596,166950510,166950510.0,0.03120917717717316,23.573772652762294,48.85368948206455
morez johnson,Morez Johnson Jr.,DAL,6754800,-0.8,914.9552645919983,,False,900.0,21.18553985833967,17.749689492227596,177843285,177843285.0,0.03285022968890155,23.154716007012993,47.9852471012718
bennett stirtz,Bennett Stirtz,OKC,4717320,-0.8,927.5918876401954,,False,900.0,21.18553985833967,17.749689492227596,233654060,342059905.0,0.033585366542722934,22.976050126126122,47.6149844541149
pacome dadiet,Pacome Dadiet,NYK,2983680,-0.8571102003838765,317.03356107307576,21.0,True,300.0,19.569199218533946,14.014942147452935,214732999,261106243.5,0.01764398281263542,22.725823667850086,47.09642147851999
thomas sorber,Thomas Sorber,OKC,4887720,-0.8,927.5918876401954,,False,900.0,21.18553985833967,17.749689492227596,233654060,342059905.0,0.03479854403733428,22.692457286931454,47.02727383564799
herbert jones,Herb Jones,NOP,14898786,-0.6528078334363303,1347.0772215811317,28.0,True,1259.2941666666668,25.694008644670554,22.879460236076437,192207165,192207165.0,0.07245640761914354,22.62851413309375,46.89475966288044
kingston flemings,Kingston Flemings,ATL,7348680,-0.8,774.2403661607899,,False,900.0,21.18553985833967,17.749689492227596,190813774,190813774.0,0.035738412078853116,22.481773298432657,46.590657673077295
mouhamadou gueye,Mouhamadou Gueye,MIN,2411090,-0.9022403696182862,324.04478140808436,28.0,True,300.0,18.34645971287098,13.139248500415931,219061196,289239524.0,0.015482158928999014,22.30317213995031,46.22052915499255
josh green,Josh Green,MIN,14679012,-0.6131368605553782,1351.0286555698158,26.0,True,1250.779583333333,26.989292461589216,24.001740264648582,219061196,289239524.0,0.09425728475697037,21.65058573857803,44.86812562236903
tre johnson,Tre Johnson,WAS,8649600,-0.8546693726323539,1527.3063881540413,21.0,True,1442.8166666666666,19.63671052906542,17.956275728286567,183092856,183092856.0,0.042065101367490206,21.4822976175572,44.51936958196036
aday mara,Aday Mara,OKC,5791680,-0.8,927.5918876401954,,False,900.0,21.18553985833967,17.749689492227596,233654060,342059905.0,0.04123436521121263,21.383911226157352,44.31547611588225
kentavious caldwell pope,Kentavious Caldwell-Pope,MEM,21621500,-0.6311311343215364,1372.3260495421137,34.0,True,1504.57575,26.397739267009108,24.34245311109014,157943284,157943284.0,0.10515059531275313,21.133302862043944,43.79612168830105
mikel brown,Mikel Brown Jr.,BKN,8787000,-0.8,910.50854320805,,False,900.0,21.18553985833967,17.749689492227596,164433666,164433666.0,0.042733310871732384,21.118331977005237,43.76509640525765
rob dillingham,Rob Dillingham,CHI,6889320,-0.8509361878868176,911.2505708989513,22.0,True,811.0609166666668,19.74024005967832,16.250751966432734,164679749,164679749.0,0.033504433055063544,21.053524422026914,43.63079086945569
terance mann,Terance Mann,BKN,15500000,-0.7334883538696831,1506.2323633789629,30.0,True,1488.8483333333334,23.16303142065007,21.314423842840277,164433666,164433666.0,0.07538025702877568,20.79077005042299,43.08626536352701
darius acuff,Darius Acuff Jr.,SAC,8021640,-0.8,911.4514832279358,,False,900.0,21.18553985833967,17.749689492227596,219297050,254274537.5,0.04523339310619556,20.70223308725356,42.90278360309452
keaton wagler,Keaton Wagler,LAC,9674760,-0.8,1023.4471844332058,,False,900.0,21.18553985833967,17.749689492227596,136337475,136337475.0,0.04705070293494954,20.418778676681292,42.31535986059921
taylor hendricks,Taylor Hendricks,MEM,7805900,-0.8368520594143343,686.8883356174175,23.0,True,753.0830833333333,20.13378652808835,16.374463885788142,157943284,157943284.0,0.03796198376393033,20.306361688931137,42.08238974194441
keegan murray,Keegan Murray,SAC,24137936,-0.5814116149757494,1447.2568457963748,26.0,True,1429.0735,28.048153559149092,25.599102376181747,219297050,254274537.5,0.13611191076390733,20.304777451040106,42.07910660745702
zeke nnaji,Zeke Nnaji,DEN,7466667,-0.7701163266058879,734.6986698519582,26.0,True,619.68075,22.06154460267002,17.40276330785203,219458700,292025425.0,0.04831929189358686,19.834130181823344,41.10374912503033
caleb wilson,Caleb Wilson,CHI,10683720,-0.8,1011.1762223479384,,False,900.0,21.18553985833967,17.749689492227596,164679749,164679749.0,0.051957519975707835,19.722000149991768,40.87137368655456
micah peavy,Micah Peavy,NOP,2150917,-1.174770534736799,976.5740014022434,25.0,True,912.935,12.004326571710312,10.082216632000014,192207165,192207165.0,0.010460430729520201,19.631379486246065,40.68357371781377
bryce mcgowens,Bryce McGowens,NOP,2584539,-1.0966487264249836,623.8136735832626,24.0,True,583.1625,13.639748916319322,10.661972948229959,192207165,192207165.0,0.012569239620702896,19.467786136482307,40.34454700247159
bronny james,Bronny James,LAL,2296271,-1.0705208133949706,376.5482113222547,22.0,True,307.50475,14.21924727862084,10.212820201414958,192193656,192193656.0,0.011167322463724115,19.435721110744076,40.27809625512096
jordan poole,Jordan Poole,NOP,34044642,-0.5526743333443327,1398.0167232398205,28.0,True,1306.914166666667,29.024321587061202,26.030068928013765,192207165,192207165.0,0.16556734609113882,19.278414775315618,39.95209858907989
taj gibson,Taj Gibson,MEM,3800000,-0.9642528859756734,273.6305000679654,42.0,True,300.0,16.74595777443169,11.993011404885285,157943284,157943284.0,0.018480321078022426,19.134497420880834,39.65384790819817
cameron boozer,Cameron Boozer,MEM,11849760,-0.8,820.8915002038963,,False,900.0,21.18553985833967,17.749689492227596,157943284,157943284.0,0.0576282551309229,19.019779940750706,39.416110307390966
ron harper,Ron Harper Jr,BOS,2760000,-1.037040883173542,318.9430337345643,27.0,True,300.0,14.985840210795226,10.732461826355884,202730990,207779960.0,0.013756834576547772,18.986941598345005,39.34805695816153
alijah martin,Alijah Martin,TOR,2185117,-1.1006955658371986,349.0325581391224,25.0,True,300.0,13.551458838161313,9.70519587999007,201937062,202826124.0,0.010673539695699107,18.76434819417979,38.88676002414834
gary harris,Gary Harris,MIL,3815861,-1.057532320618174,545.7407295293166,32.0,True,678.2479166666667,14.513435599203472,11.608705509230807,166950510,166950510.0,0.018557456965553613,18.49436713947767,38.32725812316975
darryn peterson,Darryn Peterson,UTA,13195320,-0.8,901.4979692755559,,False,900.0,21.18553985833967,17.749689492227596,174730179,174730179.0,0.06417203955980287,18.31710595159037,37.95990652621383
aj dybantsa,AJ Dybantsa,WAS,14748000,-0.8,952.7029879092773,,False,900.0,21.18553985833967,17.749689492227596,183092856,183092856.0,0.07172309875228283,17.61761993661693,36.510309422011886
brandon clarke,Brandon Clarke,MEM,12500000,-0.776363823354913,397.39038289287214,30.0,True,435.6865000000001,21.876709931635634,16.413160000447633,157943284,157943284.0,0.060790529861915875,17.261827425036437,35.77297403081982
tre mann,Tre Mann,CHA,8000000,-0.9155922651731104,487.21031678235795,26.0,True,546.1636666666667,17.994039486273245,13.931235888744665,168593651,168593651.0,0.03890593911162616,17.128574553321226,35.496824153867244
nolan traore,Nolan Traore,BKN,4002000,-1.1860634688213287,1257.909705615218,21.0,True,1243.3916666666669,11.779861789684375,10.464080148683776,164433666,164433666.0,0.019462696040590987,16.3952162673139,33.977031012929196
caleb martin,Caleb Martin,DAL,10001494,-0.9692963155970408,999.1752870541709,31.0,True,982.8434166666668,16.619868352859523,14.139786964948492,177843285,177843285.0,0.0486396895736618,16.078044655797505,33.31973259702493
ben saraf,Ben Saraf,BKN,3028560,-1.22407979615874,927.0174119979575,21.0,True,916.3183333333334,11.046106343431711,9.283352739352972,164433666,164433666.0,0.014728621369488316,16.035601709861133,33.23177491065789
chaz lanier,Chaz Lanier,DET,2150917,-1.2079196136127257,285.85722124169956,25.0,True,300.0,11.35390922066235,8.131369050824977,140098210,140098210.0,0.010460430729520201,15.832826986955517,32.811549709814535
jahmai mashack,Jahmai Mashack,MEM,679042,-1.5129807634478611,613.9827572386146,24.0,True,673.1516666666666,6.514227261595167,5.204338393100238,157943284,157943284.0,0.0033023458382796063,15.171019832979232,31.440037322993508
jordan hawkins,Jordan Hawkins,NOP,7021740,-1.0959821427850207,975.5296988299148,25.0,True,911.95875,13.654329463195408,11.46590730603551,192207165,192207165.0,0.03414842361220873,14.755904566429344,30.579762956645265
patrick williams,Patrick Williams,CHI,18000000,-0.9548955598700275,1696.1597286966391,25.0,True,1509.6713333333332,16.98152576906041,15.670063288518628,164679749,164679749.0,0.08753836300115886,14.505691790707454,30.06122833642908
nikola topic,Nikola Topic,OKC,5429760,-0.9953786972028583,309.19729588006516,21.0,True,300.0,15.977605772487308,11.442738052568885,233654060,342059905.0,0.038657644560686,14.10050648156463,29.221532562352873
dorian finney smith,Dorian Finney-Smith,CHA,13335000,-1.0288214267387341,927.5096197134229,34.0,True,1039.7399999999998,15.178179806157893,13.043514006802415,168593651,168593651.0,0.06485133725669186,13.410967922384712,27.792550313635942
drake powell,Drake Powell,BKN,3540600,-1.3563913358143398,1334.9201809743681,21.0,True,1319.513333333333,8.748734425588289,7.8607749665794975,164433666,164433666.0,0.01721879600232795,12.855871796223411,26.642183158593262
cody williams,Cody Williams,UTA,6015600,-1.3129853424278197,1433.0974653996755,22.0,True,1430.7161666666668,9.4593943655719,8.63540956260883,174730179,174730179.0,0.029255320914987292,11.731360463581671,24.311774349059547
aj johnson,AJ Johnson,MEM,3237120,-1.3753339335696726,472.620984429058,22.0,True,518.1669999999999,8.45139704352295,6.493983001422629,157943284,157943284.0,0.01574289920212841,10.95894228361238,22.7110344729965
bradley beal,Bradley Beal,PHX,19383010,-1.1070918338121607,618.3202141189777,34.0,True,674.3629166666666,13.412711292089291,10.718669138088613,214091364,256935616.0,0.11312856965235649,9.070426409176932,18.797321998094517
johni broome,Johni Broome,PHI,2150917,-2.9940031777601472,331.68598023080773,24.0,True,300.0,0.13767153837841622,0.09859670925609279,203231536,205415072.0,0.010572818440221822,0.19126380508770652,0.39637026625087274
noa essengue,Noa Essengue,CHI,5701200,-4.172173324500987,337.0587407826461,20.0,True,300.0,0.0015085399299870263,0.0010803763408912123,164679749,164679749.0,0.027726317507900385,0.0014955465664854605,0.0030993328323494812
