team,payroll,contracts,repeater,tax,total_expenditure,over_tax,over_first_apron,over_second_apron,TEAM_ABBREVIATION,perf_minutes,TeamR_raw,TEAM_R_VALUE,active_dollar_share,TEAM_PERF,TOP2_WPS,ROT8_WPS,BENCH_WPS,TeamName,Conference,PlayoffRank,WINS,LOSSES,PO_W,PO_L,champion,NET_RATING,perf_rank,rvalue_rank,title_score,title_rank
ATL,149836313,17,False,0.0,149836313.0,False,False,False,ATL,1116128.092383627,0.0074489826266856095,124.15413625330272,0.9567881719032956,51.3466722825252,77.85980610262052,58.32463202302638,30.938257663041504,Hawks,East,8,41,41,2.0,4.0,False,0.1,16.0,6.0,0.5358239004272045,16.0
BKN,159566723,20,False,15024515.25,174591238.25,True,True,True,BKN,1071504.6648189318,0.006137219001131243,102.29062977716164,0.9441228804408883,49.21466240651985,78.83651504343688,54.62410733841548,36.9599503355985,Nets,East,6,45,37,0.0,4.0,False,1.1,19.0,16.0,-0.31937151015575915,23.0
BOS,178633307,16,False,78056804.75,256690111.75,True,True,True,BOS,1348063.827119826,0.005251717013675834,87.53173719909881,0.9573546494327623,65.39895852334524,90.41475859552408,70.95474830018634,47.661757660884035,Celtics,East,2,57,25,11.0,9.0,False,6.7,1.0,21.0,4.448185827454864,1.0
CHA,125874047,17,False,0.0,125874047.0,False,False,False,CHA,563173.246195108,0.004474101370516101,74.57101445990375,0.7819520015909237,33.5616019748835,54.69069828723563,36.30690393275758,25.10575083918037,Hornets,East,14,27,55,0.0,0.0,False,-6.3,27.0,23.0,-5.5734469602385035,27.0
CHI,151964990,20,False,2546985.0,154511975.0,True,False,False,CHI,1134834.0173862427,0.007344634727413476,122.41494260052563,0.8711281920921391,55.204875346570354,81.91568277739023,56.951567766074156,45.02405497390891,Bulls,East,10,40,42,0.0,0.0,False,1.3,10.0,8.0,0.7845636918758384,14.0
CLE,151966241,16,False,2548861.5,154515102.5,True,False,False,CLE,1214680.1950676239,0.007861239292564453,131.02532562666659,0.7475803721433104,63.58706602533912,89.59982673295892,69.7223373094681,26.850434899401744,Cavaliers,East,4,51,31,1.0,4.0,False,5.6,2.0,5.0,4.024971281405284,2.0
DAL,177244238,20,False,72153261.5,249397499.5,True,True,True,DAL,959485.4558009844,0.003847213615712231,64.12251274819053,0.8585141594278511,50.48025128450298,94.11166101849278,59.01496909476521,18.822438947898586,Mavericks,West,11,38,44,0.0,0.0,False,-0.2,18.0,28.0,0.8212823470265195,13.0
DEN,162338665,15,False,21429162.5,183767827.5,True,True,True,DEN,1178955.9340308332,0.006415464284850585,106.9282164917518,1.0,55.674265857192594,91.52549836215695,64.5944605629431,33.52081458566995,Nuggets,West,1,53,29,16.0,4.0,True,3.3,9.0,14.0,2.3086086252129423,6.0
DET,129153570,22,False,0.0,129153570.0,False,False,False,DET,543973.6396036915,0.004211835875722921,70.1997670551316,0.7002708868210147,29.4750898372041,53.959718332458785,30.853292551787572,28.75151340533774,Pistons,East,15,17,65,0.0,0.0,False,-7.9,29.0,25.0,-6.97156304138343,29.0
GSW,192386134,15,True,189304154.5,381690288.5,True,True,True,GSW,1132040.6333503514,0.002965861766614875,49.432791608564116,0.9724695959637091,57.10710114683546,82.45444235258114,63.65948433500812,36.04273389498765,Warriors,West,6,44,38,6.0,7.0,False,1.7,4.0,30.0,2.157912681277386,8.0
HOU,137579793,23,False,0.0,137579793.0,False,False,False,HOU,571695.6736847775,0.004155375300533978,69.25872392263247,0.31640770821627856,32.58110923557924,59.42147137455483,34.63222868549554,19.325528473706022,Rockets,West,14,22,60,0.0,0.0,False,-8.1,28.0,26.0,-5.8933503932127,28.0
IND,125706114,23,False,0.0,125706114.0,False,False,False,IND,886091.0523167313,0.007048909747673302,117.48601723337075,0.8038770413346801,43.184129577905416,78.50391996889745,49.56276011701319,26.09072892594501,Pacers,East,11,35,47,0.0,0.0,False,-3.3,25.0,11.0,-1.8553201951575453,26.0
LAC,192905421,18,False,150170920.75,343076341.75,True,True,True,LAC,1166675.008392674,0.0034006279839687427,56.67915354721484,1.0,50.50645381539651,83.24260223401905,57.24778768066866,40.611093237803495,Clippers,West,5,44,38,1.0,4.0,False,0.5,17.0,29.0,0.3448209722791303,18.0
LAL,169391473,18,False,42154537.25,211546010.25,True,True,True,LAL,1117967.6998789518,0.005284749632279826,88.08230046880914,0.9792556500172828,52.96181143529479,92.02850463533599,59.70158561887668,33.23761632378698,Lakers,West,7,43,39,8.0,8.0,False,0.7,12.0,20.0,1.1768183856501266,10.0
MEM,127139520,17,False,0.0,127139520.0,False,False,False,MEM,1152743.4208036584,0.009066759264182045,151.11804141259174,0.9357401144821059,56.33702517323501,88.31943995130072,63.87000946179126,43.9034226250018,Grizzlies,West,2,51,31,2.0,4.0,False,4.0,7.0,1.0,2.2044104591755422,7.0
MIA,151408266,17,False,1711899.0,153120165.0,True,False,False,MIA,992037.96494027,0.006478819853284967,107.98418027499767,1.0,49.075202723385004,87.90178142439116,56.06994008780957,21.66335278992264,Heat,East,7,44,38,13.0,10.0,False,-0.5,20.0,13.0,0.06035489213328214,19.0
MIL,182930771,16,False,97652912.25,280583683.25,True,True,True,MIL,1081648.749356335,0.0038549951901251014,64.25221027848944,0.9600288625034002,56.523129762255,92.59858812260305,66.06348827315752,26.42325227008546,Bucks,East,1,58,24,1.0,4.0,False,3.4,6.0,27.0,2.6718171715834638,4.0
MIN,145793656,17,False,0.0,145793656.0,False,False,False,MIN,1044076.8293497155,0.007161332378891133,119.35979454950657,0.9424140375490687,52.24847908478388,78.0903881403198,58.92370298625951,33.43252069137551,Timberwolves,West,8,42,40,1.0,4.0,False,0.2,13.0,10.0,0.741185185716997,15.0
NOP,148360910,15,False,0.0,148360910.0,False,False,False,NOP,1063493.8700782,0.0071682889386308025,119.47574134507018,0.9149097427347945,53.06696314647573,76.94933165158005,56.2378088341437,44.43612029892528,Pelicans,West,9,42,40,0.0,0.0,False,1.9,11.0,9.0,0.34867994281997217,17.0
NYK,148987936,17,False,0.0,148987936.0,False,False,False,NYK,1257373.01152713,0.008439428354300645,140.66215351961935,0.7678418942591433,56.65109388325496,84.46636512126258,65.18573729634505,25.493573581204622,Knicks,East,5,47,35,6.0,5.0,False,2.8,5.0,3.0,2.4038245861627097,5.0
OKC,148856338,25,False,0.0,148856338.0,False,False,False,OKC,924138.8890006572,0.006208260269043145,103.47469311815321,0.5955702873733196,48.79752794592969,80.25299143556038,55.55306464951314,26.72003665060834,Thunder,West,10,40,42,0.0,0.0,False,1.0,22.0,15.0,-0.18183221939286298,22.0
ORL,126107324,18,False,0.0,126107324.0,False,False,False,ORL,819384.2171167159,0.00649751490339067,108.29577555107882,0.6344710002727518,45.529650340851944,65.45224879011155,50.66373096989366,29.21029678435085,Magic,East,13,34,48,0.0,0.0,False,-2.3,24.0,12.0,-1.6191338981983199,24.0
PHI,150496913,19,False,344869.5,150841782.5,True,False,False,PHI,1193137.091032642,0.007909858072862815,131.83566751845834,0.9399608748120967,56.31770285885982,95.68132088327894,62.3078025946213,37.58370945728374,76ers,East,3,54,28,7.0,4.0,False,4.4,8.0,4.0,2.050904149075361,9.0
PHX,176042453,16,False,67045675.25,243088128.25,True,True,True,PHX,1033958.028765871,0.004253428730598122,70.8930060154213,1.0,52.24449202123504,89.04049736010126,60.01671277856145,37.27448180788457,Suns,West,4,45,37,6.0,5.0,False,2.2,14.0,24.0,1.1050501478919503,11.0
POR,144997250,25,False,0.0,144997250.0,False,False,False,POR,783579.9599357093,0.005404102215288285,90.0715810988821,0.9211170832550273,40.96854858141601,76.16713113916991,51.49376905170318,15.486911387615255,Trail Blazers,West,13,33,49,0.0,0.0,False,-4.0,26.0,18.0,-1.8011569454398022,25.0
SAC,139423615,22,False,0.0,139423615.0,False,False,False,SAC,1189317.6095948415,0.00853024510657568,142.17582001625527,0.8259942263009031,59.73616672210402,90.42613046407423,65.05484689319749,34.24968745027999,Kings,West,3,48,34,3.0,4.0,False,2.6,3.0,2.0,2.8131613991688535,3.0
SAS,104545376,24,False,0.0,104545376.0,False,False,False,SAS,475589.847283479,0.004549123696140124,75.82143112810708,0.6162020594770256,26.55093171885106,45.576726762883304,29.482374616829556,21.534762914443085,Spurs,West,15,22,60,0.0,0.0,False,-9.9,30.0,22.0,-7.6613604948307215,30.0
TOR,150992313,22,False,1087969.5,152080282.5,True,False,False,TOR,1120756.3031812736,0.007369504348344919,122.82945105898665,1.0,51.85428491255565,74.7972548782785,60.81762387378268,19.273371676727166,Raptors,East,9,41,41,0.0,0.0,False,1.5,15.0,7.0,0.9721404573324881,12.0
UTA,148738241,22,False,0.0,148738241.0,False,False,False,UTA,790520.0677524712,0.005314840772874752,88.58383735735764,0.59647067494902,48.471469664199525,83.13913077587648,56.70196778879551,21.843549614686605,Jazz,West,12,37,45,0.0,0.0,False,-0.7,23.0,19.0,0.02716686535233745,20.0
WAS,152008934,21,False,2612901.0,154621835.0,True,False,False,WAS,918322.1293001454,0.0059391490813709815,98.98934676470039,0.8276388873301355,49.00607421069573,77.72617616862638,55.98486233282191,24.188482252893206,Wizards,East,12,35,47,0.0,0.0,False,-1.2,21.0,17.0,-0.12514731101251333,21.0
