team,TeamName,Conference,PlayoffRank,WINS,LOSSES,payroll,tax,total_expenditure,repeater,over_tax,over_first_apron,over_second_apron,TEAM_PERF,TOP2_WPS,PO_W,champion,TEAM_R_VALUE
MIA,Heat,East,10,43,39,157325624,0.0,157325624.0,False,False,False,False,57.04190913702873,78.84754368535255,0.0,False,143.88978056688845
SAS,Spurs,West,2,62,20,188455363,560363.0,189015726.0,False,True,False,False,68.50403856462016,91.42240826475604,13.0,False,142.49335602373944
DET,Pistons,East,1,60,22,185095988,0.0,185095988.0,False,False,False,False,64.14982897669583,95.31113114673428,7.0,False,141.72426512385167
BOS,Celtics,East,2,56,26,187492509,0.0,187492509.0,True,False,False,False,67.12400168474836,88.7993975171926,3.0,False,139.62093780217177
OKC,Thunder,West,1,64,18,189104345,1209345.0,190313690.0,False,True,False,False,65.28509601680689,96.97029588252104,11.0,False,138.2164405686343
ATL,Hawks,East,6,46,36,186963786,0.0,186963786.0,False,False,False,False,55.037205677077104,84.59490499707096,2.0,False,131.86833492449836
MIN,Timberwolves,West,6,49,33,196036611,8755763.75,204792374.75,False,True,True,False,61.3893749498581,86.23620782796664,6.0,False,129.01926539410846
CHA,Hornets,East,9,44,38,185779105,0.0,185779105.0,False,False,False,False,58.56809350793339,82.99909465020247,0.0,False,123.5515812319788
TOR,Raptors,East,5,46,36,191608832,3713832.0,195322664.0,False,True,False,False,60.22253379590531,80.9437004589573,3.0,False,121.30550511417702
HOU,Rockets,West,5,52,30,199783669,14606591.5,214390260.5,False,True,True,False,64.38778754844601,88.84594251385096,2.0,False,120.3989435574931
DEN,Nuggets,West,3,54,28,191600929,11117787.0,202718716.0,True,True,False,False,54.22066146498956,96.26904722524498,2.0,False,113.3391042836062
ORL,Magic,East,8,45,37,189903062,2008062.0,191911124.0,False,True,False,False,53.0171981919068,76.32647434542545,3.0,False,107.55110215744274
NYK,Knicks,East,3,53,29,207045051,42640242.25,249685293.25,False,True,True,False,63.41205442406584,90.90135872803279,16.0,True,105.55105189714997
PHX,Suns,West,7,45,37,188101058,618174.0,188719232.0,True,True,False,False,50.02050107347137,76.7049776668603,0.0,False,105.51746699620912
POR,Trail Blazers,West,8,42,40,189204726,1309726.0,190514452.0,False,True,False,False,47.70588898420486,79.21575907866246,1.0,False,102.77956487473354
PHI,76ers,East,7,45,37,194666722,7043402.5,201710124.5,False,True,False,False,48.34484788366388,84.89553270945402,4.0,False,98.1165341871703
LAL,Lakers,West,4,53,29,197146448,28645956.0,225792404.0,True,True,True,False,53.93197288603464,91.33977494904657,4.0,False,96.61297000893924
CLE,Cavaliers,East,4,52,30,211858381,66115250.25,277973631.25,False,True,True,True,57.248866658920754,90.4226410489648,8.0,False,88.01745487615634
LAC,Clippers,West,9,42,40,191938984,12131952.0,204070936.0,True,True,False,False,45.43467169000205,78.55042744467535,0.0,False,84.71741440902895
NOP,Pelicans,West,11,26,56,190898076,3003076.0,193901152.0,False,True,False,False,42.54727898050907,68.87639362006672,0.0,False,83.56191413046275
UTA,Jazz,West,15,22,60,175673708,0.0,175673708.0,False,False,False,False,34.377332274693146,59.30774838206635,0.0,False,81.52029094936609
DAL,Mavericks,West,12,26,56,185068401,0.0,185068401.0,False,False,False,False,35.51943087959222,58.09776776888239,0.0,False,78.25428939658512
CHI,Bulls,East,12,31,51,177919585,0.0,177919585.0,False,False,False,False,38.370888496344655,62.56031967942759,0.0,False,78.08310577097123
MIL,Bucks,East,11,32,50,182444588,0.0,182444588.0,True,False,False,False,33.76700386145292,72.6277455079422,0.0,False,75.91904848331282
MEM,Grizzlies,West,13,25,57,160304096,0.0,160304096.0,False,False,False,False,31.247918367842498,55.69206988664647,0.0,False,69.31777443210626
IND,Pacers,East,14,19,63,188736250,841250.0,189577500.0,False,True,False,False,34.08169194556521,59.278333511180286,0.0,False,68.54441832885506
BKN,Nets,East,13,20,62,152025523,0.0,152025523.0,False,False,False,False,25.06086323470221,55.4777192486396,0.0,False,65.24794062749861
GSW,Warriors,West,10,37,45,205124954,67979689.5,273104643.5,True,True,True,False,46.174469893920296,75.48864090458633,0.0,False,63.3874107480991
SAC,Kings,West,14,22,60,193326868,5431868.0,198758736.0,False,True,False,False,29.451442478331547,40.679793450108626,0.0,False,56.89068384423131
WAS,Wizards,East,15,17,65,187128348,0.0,187128348.0,False,False,False,False,22.82324749295847,45.65010819249882,0.0,False,44.98204929053343
